OgLEEVCO@gmail.com,READ,2024-10-09 05:19:49
OgLEEVCO@gmail.com,UPDATE,2024-10-09 19:31:40
fwPMcQWOl@gmail.com,READ,2024-10-09 02:57:20
qFwYx@ya.ru,UPDATE,2024-10-09 16:35:05
lQqsqMcCTR@gmail.com,READ,2024-10-09 10:34:11
uiBbsz@ya.ru,CREATE,2024-10-09 03:30:24
eBKqtbRzNtGo@ya.ru,READ,2024-10-09 16:46:53
fwPMcQWOl@gmail.com,READ,2024-10-09 23:09:01
OgLEEVCO@gmail.com,UPDATE,2024-10-09 19:40:19
RPtdqaaqzU@mail.ru,CREATE,2024-10-09 14:41:42
fwPMcQWOl@gmail.com,DELETE,2024-10-09 00:45:11
ZQiHeeZQvzD@gmail.com,CREATE,2024-10-09 10:40:40
eBKqtbRzNtGo@ya.ru,UPDATE,2024-10-09 10:50:53
OQDcdwoPopzX@gmail.com,READ,2024-10-09 01:33:14
cAYSebRw@ya.ru,UPDATE,2024-10-09 06:01:53
uiBbsz@ya.ru,UPDATE,2024-10-09 05:44:45
cAYSebRw@ya.ru,READ,2024-10-09 16:09:42
ZQiHeeZQvzD@gmail.com,UPDATE,2024-10-09 19:15:00
eBKqtbRzNtGo@ya.ru,READ,2024-10-09 16:31:22
lQqsqMcCTR@gmail.com,UPDATE,2024-10-09 13:00:40
eBKqtbRzNtGo@ya.ru,READ,2024-10-09 20:35:32
lQqsqMcCTR@gmail.com,UPDATE,2024-10-09 21:09:20
OgLEEVCO@gmail.com,UPDATE,2024-10-09 00:36:03
RPtdqaaqzU@mail.ru,CREATE,2024-10-09 05:33:16
fwPMcQWOl@gmail.com,READ,2024-10-09 14:37:05
cAYSebRw@ya.ru,DELETE,2024-10-09 15:49:26
RPtdqaaqzU@mail.ru,DELETE,2024-10-09 12:15:05
lQqsqMcCTR@gmail.com,UPDATE,2024-10-09 17:02:33
lQqsqMcCTR@gmail.com,CREATE,2024-10-09 09:09:23
eBKqtbRzNtGo@ya.ru,CREATE,2024-10-09 22:45:28
OgLEEVCO@gmail.com,UPDATE,2024-10-09 16:15:00
uiBbsz@ya.ru,CREATE,2024-10-09 09:06:36
lQqsqMcCTR@gmail.com,DELETE,2024-10-09 04:10:15
RPtdqaaqzU@mail.ru,CREATE,2024-10-09 04:07:44
fwPMcQWOl@gmail.com,DELETE,2024-10-09 12:29:42
uiBbsz@ya.ru,CREATE,2024-10-09 08:52:07
uiBbsz@ya.ru,DELETE,2024-10-09 18:32:41
lQqsqMcCTR@gmail.com,DELETE,2024-10-09 06:46:32
fwPMcQWOl@gmail.com,READ,2024-10-09 16:58:55
lQqsqMcCTR@gmail.com,DELETE,2024-10-09 10:23:18
eBKqtbRzNtGo@ya.ru,DELETE,2024-10-09 21:28:50
OQDcdwoPopzX@gmail.com,READ,2024-10-09 22:11:37
RPtdqaaqzU@mail.ru,UPDATE,2024-10-09 04:27:29
lQqsqMcCTR@gmail.com,UPDATE,2024-10-09 05:37:12
ZQiHeeZQvzD@gmail.com,DELETE,2024-10-09 18:16:20
eBKqtbRzNtGo@ya.ru,DELETE,2024-10-09 17:49:09
qFwYx@ya.ru,CREATE,2024-10-09 10:29:45
cAYSebRw@ya.ru,READ,2024-10-09 14:20:24
eBKqtbRzNtGo@ya.ru,UPDATE,2024-10-09 17:55:29
RPtdqaaqzU@mail.ru,CREATE,2024-10-09 08:28:41
fwPMcQWOl@gmail.com,CREATE,2024-10-09 04:10:18
fwPMcQWOl@gmail.com,READ,2024-10-09 18:13:25
OQDcdwoPopzX@gmail.com,DELETE,2024-10-09 14:45:19
uiBbsz@ya.ru,UPDATE,2024-10-09 05:40:44
ZQiHeeZQvzD@gmail.com,DELETE,2024-10-09 19:28:23
OQDcdwoPopzX@gmail.com,UPDATE,2024-10-09 13:33:12
ZQiHeeZQvzD@gmail.com,READ,2024-10-09 09:44:59
RPtdqaaqzU@mail.ru,UPDATE,2024-10-09 22:32:27
OgLEEVCO@gmail.com,READ,2024-10-09 05:20:43
uiBbsz@ya.ru,CREATE,2024-10-09 10:14:19
fwPMcQWOl@gmail.com,DELETE,2024-10-09 21:07:03
uiBbsz@ya.ru,UPDATE,2024-10-09 17:53:18
fwPMcQWOl@gmail.com,CREATE,2024-10-09 21:57:31
lQqsqMcCTR@gmail.com,UPDATE,2024-10-09 04:53:53
OgLEEVCO@gmail.com,CREATE,2024-10-09 18:17:36
lQqsqMcCTR@gmail.com,READ,2024-10-09 10:39:28
uiBbsz@ya.ru,UPDATE,2024-10-09 03:17:05
cAYSebRw@ya.ru,DELETE,2024-10-09 02:57:41
lQqsqMcCTR@gmail.com,CREATE,2024-10-09 01:56:58
OQDcdwoPopzX@gmail.com,CREATE,2024-10-09 04:00:40
qFwYx@ya.ru,CREATE,2024-10-09 22:31:06
uiBbsz@ya.ru,UPDATE,2024-10-09 17:02:22
uiBbsz@ya.ru,READ,2024-10-09 17:32:31
fwPMcQWOl@gmail.com,DELETE,2024-10-09 23:53:26
ZQiHeeZQvzD@gmail.com,UPDATE,2024-10-09 01:55:13
lQqsqMcCTR@gmail.com,CREATE,2024-10-09 22:08:53
lQqsqMcCTR@gmail.com,READ,2024-10-09 21:02:00
RPtdqaaqzU@mail.ru,DELETE,2024-10-09 02:53:04
ZQiHeeZQvzD@gmail.com,DELETE,2024-10-09 20:17:55
OQDcdwoPopzX@gmail.com,DELETE,2024-10-09 14:16:50
cAYSebRw@ya.ru,CREATE,2024-10-09 22:01:07
cAYSebRw@ya.ru,READ,2024-10-09 03:51:53
RPtdqaaqzU@mail.ru,DELETE,2024-10-09 21:28:36
qFwYx@ya.ru,DELETE,2024-10-09 13:39:16
uiBbsz@ya.ru,READ,2024-10-09 14:54:50
qFwYx@ya.ru,UPDATE,2024-10-09 19:41:42
qFwYx@ya.ru,UPDATE,2024-10-09 23:17:01
cAYSebRw@ya.ru,CREATE,2024-10-09 04:12:42
ZQiHeeZQvzD@gmail.com,UPDATE,2024-10-09 12:05:18
lQqsqMcCTR@gmail.com,UPDATE,2024-10-09 13:06:57
cAYSebRw@ya.ru,DELETE,2024-10-09 09:38:48
eBKqtbRzNtGo@ya.ru,CREATE,2024-10-09 22:53:36
eBKqtbRzNtGo@ya.ru,READ,2024-10-09 07:31:39
cAYSebRw@ya.ru,DELETE,2024-10-09 11:51:57
cAYSebRw@ya.ru,CREATE,2024-10-09 07:57:13
fwPMcQWOl@gmail.com,UPDATE,2024-10-09 15:06:12
ZQiHeeZQvzD@gmail.com,DELETE,2024-10-09 03:09:06
cAYSebRw@ya.ru,UPDATE,2024-10-09 13:31:10
OQDcdwoPopzX@gmail.com,CREATE,2024-10-09 23:49:23
lQqsqMcCTR@gmail.com,UPDATE,2024-10-09 10:59:43
OQDcdwoPopzX@gmail.com,READ,2024-10-09 04:14:49
OgLEEVCO@gmail.com,CREATE,2024-10-09 21:17:02
lQqsqMcCTR@gmail.com,UPDATE,2024-10-09 17:37:21
uiBbsz@ya.ru,DELETE,2024-10-09 15:52:23
lQqsqMcCTR@gmail.com,READ,2024-10-09 23:33:27
uiBbsz@ya.ru,READ,2024-10-09 23:37:42
ZQiHeeZQvzD@gmail.com,UPDATE,2024-10-09 13:38:31
OgLEEVCO@gmail.com,DELETE,2024-10-09 04:42:53
lQqsqMcCTR@gmail.com,READ,2024-10-09 21:44:57
ZQiHeeZQvzD@gmail.com,DELETE,2024-10-09 15:55:20
uiBbsz@ya.ru,READ,2024-10-09 18:59:35
ZQiHeeZQvzD@gmail.com,DELETE,2024-10-09 22:36:47
ZQiHeeZQvzD@gmail.com,DELETE,2024-10-09 17:33:26
OgLEEVCO@gmail.com,UPDATE,2024-10-09 02:35:12
uiBbsz@ya.ru,CREATE,2024-10-09 09:52:06
ZQiHeeZQvzD@gmail.com,UPDATE,2024-10-09 15:03:01
fwPMcQWOl@gmail.com,DELETE,2024-10-09 22:46:04
OQDcdwoPopzX@gmail.com,UPDATE,2024-10-09 06:08:57
uiBbsz@ya.ru,UPDATE,2024-10-09 18:38:32
RPtdqaaqzU@mail.ru,DELETE,2024-10-09 02:11:58
cAYSebRw@ya.ru,CREATE,2024-10-09 14:42:40
RPtdqaaqzU@mail.ru,UPDATE,2024-10-09 22:32:27
ZQiHeeZQvzD@gmail.com,DELETE,2024-10-09 09:00:49
fwPMcQWOl@gmail.com,UPDATE,2024-10-09 06:05:12
OgLEEVCO@gmail.com,READ,2024-10-09 00:06:52
ZQiHeeZQvzD@gmail.com,DELETE,2024-10-09 09:17:30
ZQiHeeZQvzD@gmail.com,DELETE,2024-10-09 13:29:09
eBKqtbRzNtGo@ya.ru,READ,2024-10-09 11:36:20
eBKqtbRzNtGo@ya.ru,READ,2024-10-09 23:14:00
qFwYx@ya.ru,UPDATE,2024-10-09 09:12:50
cAYSebRw@ya.ru,DELETE,2024-10-09 21:01:32
OQDcdwoPopzX@gmail.com,READ,2024-10-09 00:57:17
fwPMcQWOl@gmail.com,READ,2024-10-09 20:56:14
fwPMcQWOl@gmail.com,UPDATE,2024-10-09 22:18:24
OQDcdwoPopzX@gmail.com,DELETE,2024-10-09 15:48:12
eBKqtbRzNtGo@ya.ru,CREATE,2024-10-09 12:08:20
ZQiHeeZQvzD@gmail.com,READ,2024-10-09 04:46:49
OQDcdwoPopzX@gmail.com,DELETE,2024-10-09 11:04:32
OQDcdwoPopzX@gmail.com,CREATE,2024-10-09 13:20:11
lQqsqMcCTR@gmail.com,CREATE,2024-10-09 21:33:27
ZQiHeeZQvzD@gmail.com,DELETE,2024-10-09 02:11:24
OQDcdwoPopzX@gmail.com,DELETE,2024-10-09 16:11:20
RPtdqaaqzU@mail.ru,UPDATE,2024-10-09 21:15:21
cAYSebRw@ya.ru,READ,2024-10-09 18:11:34
OgLEEVCO@gmail.com,CREATE,2024-10-09 10:55:00
lQqsqMcCTR@gmail.com,CREATE,2024-10-09 11:43:44
eBKqtbRzNtGo@ya.ru,UPDATE,2024-10-09 00:13:17
lQqsqMcCTR@gmail.com,DELETE,2024-10-09 01:06:22
RPtdqaaqzU@mail.ru,DELETE,2024-10-09 08:39:01
fwPMcQWOl@gmail.com,UPDATE,2024-10-09 19:41:39
qFwYx@ya.ru,CREATE,2024-10-09 03:26:11
OgLEEVCO@gmail.com,UPDATE,2024-10-09 23:13:07
fwPMcQWOl@gmail.com,DELETE,2024-10-09 11:34:02
eBKqtbRzNtGo@ya.ru,DELETE,2024-10-09 03:34:31
OQDcdwoPopzX@gmail.com,UPDATE,2024-10-09 12:57:11
qFwYx@ya.ru,UPDATE,2024-10-09 06:50:15
lQqsqMcCTR@gmail.com,READ,2024-10-09 18:00:39
ZQiHeeZQvzD@gmail.com,READ,2024-10-09 08:01:08
OgLEEVCO@gmail.com,CREATE,2024-10-09 04:16:47
OgLEEVCO@gmail.com,CREATE,2024-10-09 09:48:55
OgLEEVCO@gmail.com,UPDATE,2024-10-09 01:31:38
eBKqtbRzNtGo@ya.ru,UPDATE,2024-10-09 14:56:47
lQqsqMcCTR@gmail.com,UPDATE,2024-10-09 12:16:11
ZQiHeeZQvzD@gmail.com,UPDATE,2024-10-09 09:52:56
OQDcdwoPopzX@gmail.com,DELETE,2024-10-09 05:40:39
RPtdqaaqzU@mail.ru,CREATE,2024-10-09 23:49:45
cAYSebRw@ya.ru,DELETE,2024-10-09 12:33:59
OQDcdwoPopzX@gmail.com,CREATE,2024-10-09 19:38:34
eBKqtbRzNtGo@ya.ru,CREATE,2024-10-09 14:52:06
qFwYx@ya.ru,CREATE,2024-10-09 14:46:15
fwPMcQWOl@gmail.com,READ,2024-10-09 23:17:31
lQqsqMcCTR@gmail.com,UPDATE,2024-10-09 23:41:22
uiBbsz@ya.ru,UPDATE,2024-10-09 04:12:19
cAYSebRw@ya.ru,READ,2024-10-09 21:23:38
lQqsqMcCTR@gmail.com,DELETE,2024-10-09 20:45:31
qFwYx@ya.ru,DELETE,2024-10-09 04:53:42
eBKqtbRzNtGo@ya.ru,CREATE,2024-10-09 04:08:11
eBKqtbRzNtGo@ya.ru,UPDATE,2024-10-09 00:06:33
lQqsqMcCTR@gmail.com,CREATE,2024-10-09 00:24:07
OQDcdwoPopzX@gmail.com,DELETE,2024-10-09 23:52:31
eBKqtbRzNtGo@ya.ru,DELETE,2024-10-09 10:45:16
lQqsqMcCTR@gmail.com,UPDATE,2024-10-09 10:06:21
fwPMcQWOl@gmail.com,CREATE,2024-10-09 05:50:58
OQDcdwoPopzX@gmail.com,DELETE,2024-10-09 11:38:11
lQqsqMcCTR@gmail.com,DELETE,2024-10-09 14:16:10
uiBbsz@ya.ru,UPDATE,2024-10-09 04:39:07
eBKqtbRzNtGo@ya.ru,READ,2024-10-09 05:17:49
eBKqtbRzNtGo@ya.ru,READ,2024-10-09 09:41:48
eBKqtbRzNtGo@ya.ru,READ,2024-10-09 10:53:50
qFwYx@ya.ru,UPDATE,2024-10-09 02:26:33
eBKqtbRzNtGo@ya.ru,DELETE,2024-10-09 08:45:37
lQqsqMcCTR@gmail.com,READ,2024-10-09 04:21:52
ZQiHeeZQvzD@gmail.com,UPDATE,2024-10-09 09:29:04
OgLEEVCO@gmail.com,CREATE,2024-10-09 13:46:49
ZQiHeeZQvzD@gmail.com,READ,2024-10-09 21:56:37
RPtdqaaqzU@mail.ru,DELETE,2024-10-09 13:18:47
cAYSebRw@ya.ru,READ,2024-10-09 22:21:20
eBKqtbRzNtGo@ya.ru,UPDATE,2024-10-09 02:09:03
OQDcdwoPopzX@gmail.com,READ,2024-10-09 03:51:59
lQqsqMcCTR@gmail.com,UPDATE,2024-10-09 14:11:31
cAYSebRw@ya.ru,DELETE,2024-10-09 05:35:31
OQDcdwoPopzX@gmail.com,DELETE,2024-10-09 18:09:16
ZQiHeeZQvzD@gmail.com,UPDATE,2024-10-09 23:47:08
OQDcdwoPopzX@gmail.com,READ,2024-10-09 17:35:41
qFwYx@ya.ru,UPDATE,2024-10-09 10:00:45
lQqsqMcCTR@gmail.com,CREATE,2024-10-09 00:15:21
cAYSebRw@ya.ru,READ,2024-10-09 23:34:45
lQqsqMcCTR@gmail.com,UPDATE,2024-10-09 03:47:26
uiBbsz@ya.ru,DELETE,2024-10-09 16:07:05
OgLEEVCO@gmail.com,CREATE,2024-10-09 11:35:36
OQDcdwoPopzX@gmail.com,DELETE,2024-10-09 02:03:37
qFwYx@ya.ru,UPDATE,2024-10-09 08:32:19
lQqsqMcCTR@gmail.com,READ,2024-10-09 15:59:27
OQDcdwoPopzX@gmail.com,CREATE,2024-10-09 23:04:02
eBKqtbRzNtGo@ya.ru,READ,2024-10-09 22:22:48
uiBbsz@ya.ru,CREATE,2024-10-09 02:14:02
fwPMcQWOl@gmail.com,CREATE,2024-10-09 10:21:09
ZQiHeeZQvzD@gmail.com,DELETE,2024-10-09 22:36:47
lQqsqMcCTR@gmail.com,UPDATE,2024-10-09 21:14:37
uiBbsz@ya.ru,READ,2024-10-09 03:00:44
qFwYx@ya.ru,DELETE,2024-10-09 21:10:45
OgLEEVCO@gmail.com,UPDATE,2024-10-09 14:55:42
RPtdqaaqzU@mail.ru,READ,2024-10-09 17:51:37
fwPMcQWOl@gmail.com,DELETE,2024-10-09 00:35:41
fwPMcQWOl@gmail.com,DELETE,2024-10-09 19:21:51
eBKqtbRzNtGo@ya.ru,CREATE,2024-10-09 06:03:33
OgLEEVCO@gmail.com,READ,2024-10-09 05:44:30
cAYSebRw@ya.ru,DELETE,2024-10-09 08:35:08
eBKqtbRzNtGo@ya.ru,DELETE,2024-10-09 09:27:29
ZQiHeeZQvzD@gmail.com,DELETE,2024-10-09 11:55:33
lQqsqMcCTR@gmail.com,UPDATE,2024-10-09 21:52:56
fwPMcQWOl@gmail.com,UPDATE,2024-10-09 08:47:50
lQqsqMcCTR@gmail.com,UPDATE,2024-10-09 03:37:40
OQDcdwoPopzX@gmail.com,CREATE,2024-10-09 00:49:24
eBKqtbRzNtGo@ya.ru,READ,2024-10-09 12:15:31
cAYSebRw@ya.ru,DELETE,2024-10-09 16:28:19
cAYSebRw@ya.ru,UPDATE,2024-10-09 11:02:51
uiBbsz@ya.ru,READ,2024-10-09 22:12:12
cAYSebRw@ya.ru,UPDATE,2024-10-09 15:45:23
ZQiHeeZQvzD@gmail.com,CREATE,2024-10-09 20:47:03
OQDcdwoPopzX@gmail.com,READ,2024-10-09 20:09:21
lQqsqMcCTR@gmail.com,READ,2024-10-09 06:32:45
ZQiHeeZQvzD@gmail.com,READ,2024-10-09 02:44:59
OQDcdwoPopzX@gmail.com,CREATE,2024-10-09 04:15:26
OgLEEVCO@gmail.com,DELETE,2024-10-09 14:27:54
OgLEEVCO@gmail.com,UPDATE,2024-10-09 00:26:47
ZQiHeeZQvzD@gmail.com,UPDATE,2024-10-09 11:09:57
qFwYx@ya.ru,CREATE,2024-10-09 15:59:22
OQDcdwoPopzX@gmail.com,CREATE,2024-10-09 16:42:28
eBKqtbRzNtGo@ya.ru,READ,2024-10-09 04:13:51
RPtdqaaqzU@mail.ru,CREATE,2024-10-09 08:08:07
OQDcdwoPopzX@gmail.com,DELETE,2024-10-09 23:33:59
RPtdqaaqzU@mail.ru,DELETE,2024-10-09 19:02:43
RPtdqaaqzU@mail.ru,DELETE,2024-10-09 11:23:02
fwPMcQWOl@gmail.com,UPDATE,2024-10-09 07:34:34
OgLEEVCO@gmail.com,READ,2024-10-09 22:43:08
RPtdqaaqzU@mail.ru,UPDATE,2024-10-09 00:49:07
OgLEEVCO@gmail.com,CREATE,2024-10-09 13:47:57
OQDcdwoPopzX@gmail.com,UPDATE,2024-10-09 23:36:55
cAYSebRw@ya.ru,READ,2024-10-09 15:43:51
RPtdqaaqzU@mail.ru,UPDATE,2024-10-09 22:39:15
fwPMcQWOl@gmail.com,UPDATE,2024-10-09 15:33:07
ZQiHeeZQvzD@gmail.com,UPDATE,2024-10-09 14:25:48
qFwYx@ya.ru,READ,2024-10-09 22:28:42
eBKqtbRzNtGo@ya.ru,UPDATE,2024-10-09 16:55:16
OQDcdwoPopzX@gmail.com,READ,2024-10-09 00:48:10
OgLEEVCO@gmail.com,UPDATE,2024-10-09 02:27:07
qFwYx@ya.ru,CREATE,2024-10-09 03:39:16
OgLEEVCO@gmail.com,DELETE,2024-10-09 18:24:18
cAYSebRw@ya.ru,UPDATE,2024-10-09 14:53:15
eBKqtbRzNtGo@ya.ru,UPDATE,2024-10-09 09:39:24
RPtdqaaqzU@mail.ru,CREATE,2024-10-09 04:27:18
lQqsqMcCTR@gmail.com,CREATE,2024-10-09 16:31:03
OgLEEVCO@gmail.com,CREATE,2024-10-09 13:22:43
qFwYx@ya.ru,READ,2024-10-09 12:24:19
qFwYx@ya.ru,UPDATE,2024-10-09 14:28:44
OQDcdwoPopzX@gmail.com,DELETE,2024-10-09 07:40:20
OgLEEVCO@gmail.com,READ,2024-10-09 14:32:06
OgLEEVCO@gmail.com,READ,2024-10-09 19:28:54
OQDcdwoPopzX@gmail.com,READ,2024-10-09 08:28:38
OQDcdwoPopzX@gmail.com,READ,2024-10-09 08:21:55
fwPMcQWOl@gmail.com,UPDATE,2024-10-09 02:22:42
RPtdqaaqzU@mail.ru,READ,2024-10-09 07:54:04
uiBbsz@ya.ru,READ,2024-10-09 12:03:11
RPtdqaaqzU@mail.ru,DELETE,2024-10-09 20:09:09
RPtdqaaqzU@mail.ru,READ,2024-10-09 15:28:26
OgLEEVCO@gmail.com,DELETE,2024-10-09 11:03:21
eBKqtbRzNtGo@ya.ru,DELETE,2024-10-09 20:59:22
ZQiHeeZQvzD@gmail.com,CREATE,2024-10-09 11:48:05
uiBbsz@ya.ru,CREATE,2024-10-09 13:52:31
OQDcdwoPopzX@gmail.com,DELETE,2024-10-09 23:48:12
uiBbsz@ya.ru,UPDATE,2024-10-09 02:28:45
uiBbsz@ya.ru,READ,2024-10-09 10:41:53
ZQiHeeZQvzD@gmail.com,READ,2024-10-09 10:23:39
OQDcdwoPopzX@gmail.com,DELETE,2024-10-09 01:04:56
fwPMcQWOl@gmail.com,UPDATE,2024-10-09 01:40:42
ZQiHeeZQvzD@gmail.com,CREATE,2024-10-09 21:31:13
lQqsqMcCTR@gmail.com,DELETE,2024-10-09 20:12:59
lQqsqMcCTR@gmail.com,DELETE,2024-10-09 11:46:40
ZQiHeeZQvzD@gmail.com,CREATE,2024-10-09 14:03:27
qFwYx@ya.ru,READ,2024-10-09 11:23:20
cAYSebRw@ya.ru,READ,2024-10-09 00:30:30
OQDcdwoPopzX@gmail.com,DELETE,2024-10-09 16:54:15
lQqsqMcCTR@gmail.com,READ,2024-10-09 11:10:39
RPtdqaaqzU@mail.ru,DELETE,2024-10-09 16:50:13
OQDcdwoPopzX@gmail.com,CREATE,2024-10-09 22:37:43
OgLEEVCO@gmail.com,CREATE,2024-10-09 08:10:12
eBKqtbRzNtGo@ya.ru,DELETE,2024-10-09 04:54:22
RPtdqaaqzU@mail.ru,UPDATE,2024-10-09 08:50:34
qFwYx@ya.ru,CREATE,2024-10-09 18:14:33
fwPMcQWOl@gmail.com,DELETE,2024-10-09 15:25:16
OgLEEVCO@gmail.com,CREATE,2024-10-09 23:38:25
OgLEEVCO@gmail.com,READ,2024-10-09 23:12:27
uiBbsz@ya.ru,UPDATE,2024-10-09 19:33:13
ZQiHeeZQvzD@gmail.com,READ,2024-10-09 03:50:17
cAYSebRw@ya.ru,CREATE,2024-10-09 03:39:33
uiBbsz@ya.ru,DELETE,2024-10-09 12:59:53
qFwYx@ya.ru,READ,2024-10-09 00:17:08
ZQiHeeZQvzD@gmail.com,READ,2024-10-09 20:10:05
cAYSebRw@ya.ru,READ,2024-10-09 14:33:35
uiBbsz@ya.ru,READ,2024-10-09 16:27:13
OgLEEVCO@gmail.com,CREATE,2024-10-09 11:18:10
OQDcdwoPopzX@gmail.com,UPDATE,2024-10-09 14:31:17
cAYSebRw@ya.ru,DELETE,2024-10-09 18:44:43
ZQiHeeZQvzD@gmail.com,READ,2024-10-09 01:40:13
eBKqtbRzNtGo@ya.ru,DELETE,2024-10-09 18:27:18
qFwYx@ya.ru,DELETE,2024-10-09 21:42:28
OgLEEVCO@gmail.com,DELETE,2024-10-09 16:29:05
qFwYx@ya.ru,CREATE,2024-10-09 16:53:17
cAYSebRw@ya.ru,READ,2024-10-09 19:01:02
OgLEEVCO@gmail.com,UPDATE,2024-10-09 06:25:47
uiBbsz@ya.ru,DELETE,2024-10-09 03:26:12
cAYSebRw@ya.ru,DELETE,2024-10-09 01:44:46
OQDcdwoPopzX@gmail.com,DELETE,2024-10-09 12:06:31
lQqsqMcCTR@gmail.com,UPDATE,2024-10-09 14:29:43
eBKqtbRzNtGo@ya.ru,READ,2024-10-09 12:08:34
OQDcdwoPopzX@gmail.com,DELETE,2024-10-09 05:35:47
cAYSebRw@ya.ru,DELETE,2024-10-09 12:01:34
qFwYx@ya.ru,DELETE,2024-10-09 21:03:48
uiBbsz@ya.ru,READ,2024-10-09 03:34:40
RPtdqaaqzU@mail.ru,READ,2024-10-09 22:00:04
qFwYx@ya.ru,UPDATE,2024-10-09 04:58:45
cAYSebRw@ya.ru,DELETE,2024-10-09 23:23:10
OQDcdwoPopzX@gmail.com,DELETE,2024-10-09 16:22:56
OgLEEVCO@gmail.com,READ,2024-10-09 01:30:09
RPtdqaaqzU@mail.ru,CREATE,2024-10-09 18:29:54
cAYSebRw@ya.ru,READ,2024-10-09 07:54:31
ZQiHeeZQvzD@gmail.com,DELETE,2024-10-09 18:26:58
uiBbsz@ya.ru,UPDATE,2024-10-09 19:01:21
OQDcdwoPopzX@gmail.com,CREATE,2024-10-09 13:26:51
cAYSebRw@ya.ru,READ,2024-10-09 08:42:59
eBKqtbRzNtGo@ya.ru,CREATE,2024-10-09 05:07:47
cAYSebRw@ya.ru,DELETE,2024-10-09 04:19:04
eBKqtbRzNtGo@ya.ru,CREATE,2024-10-09 11:07:01
fwPMcQWOl@gmail.com,READ,2024-10-09 07:45:49
fwPMcQWOl@gmail.com,READ,2024-10-09 14:29:47
OQDcdwoPopzX@gmail.com,READ,2024-10-09 10:50:27
eBKqtbRzNtGo@ya.ru,CREATE,2024-10-09 14:46:49
OgLEEVCO@gmail.com,READ,2024-10-09 19:09:53
uiBbsz@ya.ru,DELETE,2024-10-09 19:55:01
lQqsqMcCTR@gmail.com,READ,2024-10-09 21:16:51
ZQiHeeZQvzD@gmail.com,READ,2024-10-09 05:18:47
ZQiHeeZQvzD@gmail.com,UPDATE,2024-10-09 01:39:16
OgLEEVCO@gmail.com,UPDATE,2024-10-09 22:25:42
cAYSebRw@ya.ru,CREATE,2024-10-09 03:11:07
uiBbsz@ya.ru,READ,2024-10-09 03:34:56
cAYSebRw@ya.ru,READ,2024-10-09 21:25:20
fwPMcQWOl@gmail.com,CREATE,2024-10-09 13:32:22
OgLEEVCO@gmail.com,UPDATE,2024-10-09 03:49:34
eBKqtbRzNtGo@ya.ru,UPDATE,2024-10-09 08:34:02
ZQiHeeZQvzD@gmail.com,CREATE,2024-10-09 17:19:40
lQqsqMcCTR@gmail.com,DELETE,2024-10-09 04:30:25
qFwYx@ya.ru,READ,2024-10-09 12:42:15
RPtdqaaqzU@mail.ru,READ,2024-10-09 01:07:50
RPtdqaaqzU@mail.ru,READ,2024-10-09 01:58:48
OQDcdwoPopzX@gmail.com,CREATE,2024-10-09 11:22:17
eBKqtbRzNtGo@ya.ru,CREATE,2024-10-09 20:56:05
fwPMcQWOl@gmail.com,DELETE,2024-10-09 22:46:15
cAYSebRw@ya.ru,DELETE,2024-10-09 06:39:51
eBKqtbRzNtGo@ya.ru,UPDATE,2024-10-09 12:02:16
qFwYx@ya.ru,CREATE,2024-10-09 19:19:27
fwPMcQWOl@gmail.com,DELETE,2024-10-09 00:17:35
ZQiHeeZQvzD@gmail.com,UPDATE,2024-10-09 16:12:59
fwPMcQWOl@gmail.com,UPDATE,2024-10-09 23:31:46
ZQiHeeZQvzD@gmail.com,UPDATE,2024-10-09 10:11:30
OQDcdwoPopzX@gmail.com,DELETE,2024-10-09 19:09:11
qFwYx@ya.ru,DELETE,2024-10-09 04:15:25
uiBbsz@ya.ru,UPDATE,2024-10-09 19:56:28
ZQiHeeZQvzD@gmail.com,CREATE,2024-10-09 19:36:56
OgLEEVCO@gmail.com,READ,2024-10-09 11:45:03
qFwYx@ya.ru,READ,2024-10-09 11:54:41
ZQiHeeZQvzD@gmail.com,UPDATE,2024-10-09 21:02:42
cAYSebRw@ya.ru,DELETE,2024-10-09 08:12:05
OQDcdwoPopzX@gmail.com,DELETE,2024-10-09 01:52:35
eBKqtbRzNtGo@ya.ru,CREATE,2024-10-09 18:42:21
RPtdqaaqzU@mail.ru,DELETE,2024-10-09 20:51:49
uiBbsz@ya.ru,UPDATE,2024-10-09 03:45:06
lQqsqMcCTR@gmail.com,READ,2024-10-09 08:16:07
OQDcdwoPopzX@gmail.com,CREATE,2024-10-09 08:38:03
RPtdqaaqzU@mail.ru,READ,2024-10-09 14:02:42
uiBbsz@ya.ru,READ,2024-10-09 22:15:16
OQDcdwoPopzX@gmail.com,CREATE,2024-10-09 00:11:30
cAYSebRw@ya.ru,DELETE,2024-10-09 16:31:11
RPtdqaaqzU@mail.ru,READ,2024-10-09 12:33:48
OQDcdwoPopzX@gmail.com,UPDATE,2024-10-09 04:50:30
eBKqtbRzNtGo@ya.ru,CREATE,2024-10-09 12:21:19
OgLEEVCO@gmail.com,UPDATE,2024-10-09 16:12:47
qFwYx@ya.ru,CREATE,2024-10-09 13:28:30
ZQiHeeZQvzD@gmail.com,CREATE,2024-10-09 14:20:26
cAYSebRw@ya.ru,READ,2024-10-09 03:18:49
uiBbsz@ya.ru,READ,2024-10-09 21:35:04
ZQiHeeZQvzD@gmail.com,READ,2024-10-09 17:57:52
RPtdqaaqzU@mail.ru,UPDATE,2024-10-09 23:33:09
uiBbsz@ya.ru,DELETE,2024-10-09 16:29:29
lQqsqMcCTR@gmail.com,READ,2024-10-09 00:22:42
lQqsqMcCTR@gmail.com,READ,2024-10-09 06:26:13
eBKqtbRzNtGo@ya.ru,CREATE,2024-10-09 15:54:56
cAYSebRw@ya.ru,READ,2024-10-09 22:29:00
fwPMcQWOl@gmail.com,DELETE,2024-10-09 16:45:12
qFwYx@ya.ru,READ,2024-10-09 14:32:50
RPtdqaaqzU@mail.ru,DELETE,2024-10-09 11:37:43
RPtdqaaqzU@mail.ru,CREATE,2024-10-09 12:31:17
fwPMcQWOl@gmail.com,DELETE,2024-10-09 10:20:29
cAYSebRw@ya.ru,UPDATE,2024-10-09 12:10:17
OQDcdwoPopzX@gmail.com,DELETE,2024-10-09 04:39:13
qFwYx@ya.ru,UPDATE,2024-10-09 06:52:01
OQDcdwoPopzX@gmail.com,DELETE,2024-10-09 05:25:43
uiBbsz@ya.ru,UPDATE,2024-10-09 14:58:10
OQDcdwoPopzX@gmail.com,CREATE,2024-10-09 04:51:50
RPtdqaaqzU@mail.ru,UPDATE,2024-10-09 00:09:22
uiBbsz@ya.ru,DELETE,2024-10-09 15:10:59
OgLEEVCO@gmail.com,READ,2024-10-09 15:37:16
uiBbsz@ya.ru,CREATE,2024-10-09 10:43:14
cAYSebRw@ya.ru,DELETE,2024-10-09 13:43:38
RPtdqaaqzU@mail.ru,CREATE,2024-10-09 14:39:02
OgLEEVCO@gmail.com,READ,2024-10-09 23:38:55
ZQiHeeZQvzD@gmail.com,READ,2024-10-09 15:13:19
RPtdqaaqzU@mail.ru,DELETE,2024-10-09 13:53:43
ZQiHeeZQvzD@gmail.com,READ,2024-10-09 02:40:30
lQqsqMcCTR@gmail.com,DELETE,2024-10-09 02:12:48
OgLEEVCO@gmail.com,READ,2024-10-09 08:16:34
RPtdqaaqzU@mail.ru,DELETE,2024-10-09 16:27:57
RPtdqaaqzU@mail.ru,UPDATE,2024-10-09 23:11:53
fwPMcQWOl@gmail.com,DELETE,2024-10-09 06:32:34
uiBbsz@ya.ru,DELETE,2024-10-09 13:29:11
OQDcdwoPopzX@gmail.com,READ,2024-10-09 15:36:53
fwPMcQWOl@gmail.com,READ,2024-10-09 07:09:25
lQqsqMcCTR@gmail.com,READ,2024-10-09 11:36:29
eBKqtbRzNtGo@ya.ru,DELETE,2024-10-09 14:33:31
qFwYx@ya.ru,READ,2024-10-09 07:03:18
ZQiHeeZQvzD@gmail.com,READ,2024-10-09 20:28:26
eBKqtbRzNtGo@ya.ru,CREATE,2024-10-09 13:05:42
ZQiHeeZQvzD@gmail.com,READ,2024-10-09 21:12:46
cAYSebRw@ya.ru,READ,2024-10-09 02:47:01
OgLEEVCO@gmail.com,DELETE,2024-10-09 09:18:15
lQqsqMcCTR@gmail.com,UPDATE,2024-10-09 00:14:16
fwPMcQWOl@gmail.com,CREATE,2024-10-09 23:15:08
fwPMcQWOl@gmail.com,CREATE,2024-10-09 10:02:24
ZQiHeeZQvzD@gmail.com,DELETE,2024-10-09 16:46:24
uiBbsz@ya.ru,CREATE,2024-10-09 12:05:25
RPtdqaaqzU@mail.ru,READ,2024-10-09 02:40:40
cAYSebRw@ya.ru,CREATE,2024-10-09 00:38:58
OQDcdwoPopzX@gmail.com,READ,2024-10-09 11:57:11
fwPMcQWOl@gmail.com,DELETE,2024-10-09 16:05:51
uiBbsz@ya.ru,DELETE,2024-10-09 21:11:07
fwPMcQWOl@gmail.com,UPDATE,2024-10-09 09:53:21
ZQiHeeZQvzD@gmail.com,DELETE,2024-10-09 22:14:09
OQDcdwoPopzX@gmail.com,READ,2024-10-09 20:01:02
fwPMcQWOl@gmail.com,DELETE,2024-10-09 05:35:16
qFwYx@ya.ru,READ,2024-10-09 02:25:13
cAYSebRw@ya.ru,DELETE,2024-10-09 22:17:52
uiBbsz@ya.ru,UPDATE,2024-10-09 00:36:06
cAYSebRw@ya.ru,DELETE,2024-10-09 04:24:26
OgLEEVCO@gmail.com,DELETE,2024-10-09 23:07:57
uiBbsz@ya.ru,CREATE,2024-10-09 05:06:18
cAYSebRw@ya.ru,DELETE,2024-10-09 10:32:50
qFwYx@ya.ru,UPDATE,2024-10-09 11:52:17
OgLEEVCO@gmail.com,READ,2024-10-09 11:47:47
eBKqtbRzNtGo@ya.ru,READ,2024-10-09 10:15:44
ZQiHeeZQvzD@gmail.com,UPDATE,2024-10-09 06:59:55
lQqsqMcCTR@gmail.com,UPDATE,2024-10-09 20:09:20
uiBbsz@ya.ru,UPDATE,2024-10-09 17:04:21
qFwYx@ya.ru,CREATE,2024-10-09 20:39:23
ZQiHeeZQvzD@gmail.com,READ,2024-10-09 07:19:31
fwPMcQWOl@gmail.com,CREATE,2024-10-09 06:04:19
RPtdqaaqzU@mail.ru,READ,2024-10-09 23:48:04
OQDcdwoPopzX@gmail.com,DELETE,2024-10-09 15:11:28
OgLEEVCO@gmail.com,CREATE,2024-10-09 17:01:08
uiBbsz@ya.ru,UPDATE,2024-10-09 19:04:56
OQDcdwoPopzX@gmail.com,CREATE,2024-10-09 08:07:30
lQqsqMcCTR@gmail.com,READ,2024-10-09 19:46:47
uiBbsz@ya.ru,READ,2024-10-09 20:20:02
eBKqtbRzNtGo@ya.ru,CREATE,2024-10-09 00:56:59
ZQiHeeZQvzD@gmail.com,CREATE,2024-10-09 07:46:55
lQqsqMcCTR@gmail.com,READ,2024-10-09 02:20:57
uiBbsz@ya.ru,CREATE,2024-10-09 05:09:23
lQqsqMcCTR@gmail.com,UPDATE,2024-10-09 01:31:03
lQqsqMcCTR@gmail.com,DELETE,2024-10-09 01:23:25
RPtdqaaqzU@mail.ru,DELETE,2024-10-09 06:53:33
cAYSebRw@ya.ru,READ,2024-10-09 12:12:56
RPtdqaaqzU@mail.ru,READ,2024-10-09 12:30:14
uiBbsz@ya.ru,READ,2024-10-09 14:05:42
qFwYx@ya.ru,CREATE,2024-10-09 11:17:25
lQqsqMcCTR@gmail.com,DELETE,2024-10-09 01:49:26
lQqsqMcCTR@gmail.com,DELETE,2024-10-09 16:39:20
qFwYx@ya.ru,CREATE,2024-10-09 21:17:02
qFwYx@ya.ru,READ,2024-10-09 00:27:16
OQDcdwoPopzX@gmail.com,CREATE,2024-10-09 06:43:22
RPtdqaaqzU@mail.ru,CREATE,2024-10-09 02:28:56
lQqsqMcCTR@gmail.com,UPDATE,2024-10-09 08:25:50
OgLEEVCO@gmail.com,UPDATE,2024-10-09 18:28:43
fwPMcQWOl@gmail.com,DELETE,2024-10-09 20:55:25
ZQiHeeZQvzD@gmail.com,DELETE,2024-10-09 23:12:38
lQqsqMcCTR@gmail.com,READ,2024-10-09 04:43:29
qFwYx@ya.ru,READ,2024-10-09 18:39:35
ZQiHeeZQvzD@gmail.com,DELETE,2024-10-09 15:26:18
OgLEEVCO@gmail.com,DELETE,2024-10-09 17:20:16
eBKqtbRzNtGo@ya.ru,READ,2024-10-09 16:41:24
uiBbsz@ya.ru,READ,2024-10-09 11:01:10
qFwYx@ya.ru,READ,2024-10-09 09:43:03
cAYSebRw@ya.ru,UPDATE,2024-10-09 17:48:57
OgLEEVCO@gmail.com,READ,2024-10-09 13:33:35
fwPMcQWOl@gmail.com,READ,2024-10-09 09:09:18
lQqsqMcCTR@gmail.com,DELETE,2024-10-09 22:44:46
uiBbsz@ya.ru,UPDATE,2024-10-09 07:44:30
ZQiHeeZQvzD@gmail.com,READ,2024-10-09 11:41:12
fwPMcQWOl@gmail.com,UPDATE,2024-10-09 17:50:17
OgLEEVCO@gmail.com,UPDATE,2024-10-09 00:14:44
OQDcdwoPopzX@gmail.com,UPDATE,2024-10-09 21:18:44
eBKqtbRzNtGo@ya.ru,READ,2024-10-09 17:38:22
RPtdqaaqzU@mail.ru,CREATE,2024-10-09 03:04:52
eBKqtbRzNtGo@ya.ru,READ,2024-10-09 15:27:15
OQDcdwoPopzX@gmail.com,CREATE,2024-10-09 23:57:00
ZQiHeeZQvzD@gmail.com,READ,2024-10-09 17:30:33
cAYSebRw@ya.ru,READ,2024-10-09 15:16:09
RPtdqaaqzU@mail.ru,DELETE,2024-10-09 05:04:00
ZQiHeeZQvzD@gmail.com,UPDATE,2024-10-09 09:02:01
eBKqtbRzNtGo@ya.ru,CREATE,2024-10-09 18:21:11
ZQiHeeZQvzD@gmail.com,DELETE,2024-10-09 22:49:09
cAYSebRw@ya.ru,CREATE,2024-10-09 17:28:31
eBKqtbRzNtGo@ya.ru,CREATE,2024-10-09 14:48:36
lQqsqMcCTR@gmail.com,UPDATE,2024-10-09 10:03:21
lQqsqMcCTR@gmail.com,READ,2024-10-09 13:47:46
OgLEEVCO@gmail.com,READ,2024-10-09 10:47:44
RPtdqaaqzU@mail.ru,READ,2024-10-09 15:57:04
uiBbsz@ya.ru,DELETE,2024-10-09 15:32:45
OgLEEVCO@gmail.com,DELETE,2024-10-09 17:32:34
cAYSebRw@ya.ru,DELETE,2024-10-09 16:30:49
ZQiHeeZQvzD@gmail.com,CREATE,2024-10-09 03:34:36
OgLEEVCO@gmail.com,CREATE,2024-10-09 02:43:06
OQDcdwoPopzX@gmail.com,CREATE,2024-10-09 05:33:57
lQqsqMcCTR@gmail.com,DELETE,2024-10-09 12:38:43
cAYSebRw@ya.ru,CREATE,2024-10-09 07:04:14
cAYSebRw@ya.ru,CREATE,2024-10-09 03:38:40
cAYSebRw@ya.ru,DELETE,2024-10-09 22:55:42
cAYSebRw@ya.ru,CREATE,2024-10-09 15:54:25
OgLEEVCO@gmail.com,READ,2024-10-09 05:47:31
lQqsqMcCTR@gmail.com,CREATE,2024-10-09 08:56:27
RPtdqaaqzU@mail.ru,CREATE,2024-10-09 07:59:51
OQDcdwoPopzX@gmail.com,READ,2024-10-09 06:38:48
lQqsqMcCTR@gmail.com,DELETE,2024-10-09 22:54:05
uiBbsz@ya.ru,READ,2024-10-09 01:16:46
OgLEEVCO@gmail.com,READ,2024-10-09 06:33:15
lQqsqMcCTR@gmail.com,DELETE,2024-10-09 20:42:05
qFwYx@ya.ru,READ,2024-10-09 16:44:59
fwPMcQWOl@gmail.com,CREATE,2024-10-09 16:39:32
qFwYx@ya.ru,DELETE,2024-10-09 11:21:47
lQqsqMcCTR@gmail.com,READ,2024-10-09 01:23:34
OgLEEVCO@gmail.com,CREATE,2024-10-09 15:56:45
RPtdqaaqzU@mail.ru,CREATE,2024-10-09 00:39:49
eBKqtbRzNtGo@ya.ru,CREATE,2024-10-09 20:57:22
RPtdqaaqzU@mail.ru,CREATE,2024-10-09 06:58:31
OgLEEVCO@gmail.com,CREATE,2024-10-09 21:55:42
RPtdqaaqzU@mail.ru,READ,2024-10-09 19:27:23
OgLEEVCO@gmail.com,READ,2024-10-09 13:29:21
RPtdqaaqzU@mail.ru,READ,2024-10-09 13:36:51
OgLEEVCO@gmail.com,READ,2024-10-09 04:27:43
qFwYx@ya.ru,DELETE,2024-10-09 22:32:51
cAYSebRw@ya.ru,DELETE,2024-10-09 09:50:50
cAYSebRw@ya.ru,CREATE,2024-10-09 21:29:59
RPtdqaaqzU@mail.ru,DELETE,2024-10-09 18:31:36
eBKqtbRzNtGo@ya.ru,CREATE,2024-10-09 20:19:42
lQqsqMcCTR@gmail.com,READ,2024-10-09 06:54:03
OQDcdwoPopzX@gmail.com,CREATE,2024-10-09 05:55:23
fwPMcQWOl@gmail.com,READ,2024-10-09 12:55:27
uiBbsz@ya.ru,DELETE,2024-10-09 11:52:08
OgLEEVCO@gmail.com,UPDATE,2024-10-09 02:34:22
OgLEEVCO@gmail.com,READ,2024-10-09 03:49:06
eBKqtbRzNtGo@ya.ru,UPDATE,2024-10-09 11:01:57
lQqsqMcCTR@gmail.com,DELETE,2024-10-09 15:47:41
cAYSebRw@ya.ru,DELETE,2024-10-09 00:59:03
OQDcdwoPopzX@gmail.com,CREATE,2024-10-09 01:38:15
ZQiHeeZQvzD@gmail.com,READ,2024-10-09 10:15:40
qFwYx@ya.ru,UPDATE,2024-10-09 00:39:53
lQqsqMcCTR@gmail.com,UPDATE,2024-10-09 15:01:40
uiBbsz@ya.ru,CREATE,2024-10-09 17:25:23
uiBbsz@ya.ru,READ,2024-10-09 23:22:17
cAYSebRw@ya.ru,DELETE,2024-10-09 08:53:49
uiBbsz@ya.ru,UPDATE,2024-10-09 14:13:21
uiBbsz@ya.ru,READ,2024-10-09 09:45:54
qFwYx@ya.ru,DELETE,2024-10-09 19:17:32
uiBbsz@ya.ru,READ,2024-10-09 18:01:18
RPtdqaaqzU@mail.ru,UPDATE,2024-10-09 20:44:35
RPtdqaaqzU@mail.ru,DELETE,2024-10-09 15:40:50
OgLEEVCO@gmail.com,UPDATE,2024-10-09 17:47:41
eBKqtbRzNtGo@ya.ru,READ,2024-10-09 07:35:20
uiBbsz@ya.ru,CREATE,2024-10-09 15:21:11
ZQiHeeZQvzD@gmail.com,UPDATE,2024-10-09 05:24:31
OgLEEVCO@gmail.com,DELETE,2024-10-09 09:38:38
qFwYx@ya.ru,DELETE,2024-10-09 11:01:48
fwPMcQWOl@gmail.com,DELETE,2024-10-09 17:22:29
cAYSebRw@ya.ru,CREATE,2024-10-09 04:19:12
eBKqtbRzNtGo@ya.ru,UPDATE,2024-10-09 06:26:52
lQqsqMcCTR@gmail.com,UPDATE,2024-10-09 15:59:06
RPtdqaaqzU@mail.ru,UPDATE,2024-10-09 19:15:59
uiBbsz@ya.ru,UPDATE,2024-10-09 20:10:39
RPtdqaaqzU@mail.ru,DELETE,2024-10-09 11:58:07
uiBbsz@ya.ru,DELETE,2024-10-09 17:56:54
eBKqtbRzNtGo@ya.ru,READ,2024-10-09 01:23:58
fwPMcQWOl@gmail.com,READ,2024-10-09 22:45:03
RPtdqaaqzU@mail.ru,DELETE,2024-10-09 07:53:27
qFwYx@ya.ru,DELETE,2024-10-09 22:50:25
cAYSebRw@ya.ru,DELETE,2024-10-09 14:38:29
cAYSebRw@ya.ru,UPDATE,2024-10-09 11:55:42
cAYSebRw@ya.ru,READ,2024-10-09 17:18:27
RPtdqaaqzU@mail.ru,CREATE,2024-10-09 02:47:29
OgLEEVCO@gmail.com,UPDATE,2024-10-09 12:46:50
lQqsqMcCTR@gmail.com,CREATE,2024-10-09 02:00:06
cAYSebRw@ya.ru,DELETE,2024-10-09 18:17:56
fwPMcQWOl@gmail.com,DELETE,2024-10-09 01:05:24
OQDcdwoPopzX@gmail.com,READ,2024-10-09 14:50:07
RPtdqaaqzU@mail.ru,UPDATE,2024-10-09 20:10:58
qFwYx@ya.ru,CREATE,2024-10-09 03:35:01
lQqsqMcCTR@gmail.com,READ,2024-10-09 09:00:19
fwPMcQWOl@gmail.com,DELETE,2024-10-09 09:45:30
fwPMcQWOl@gmail.com,READ,2024-10-09 06:10:55
fwPMcQWOl@gmail.com,UPDATE,2024-10-09 10:10:02
RPtdqaaqzU@mail.ru,DELETE,2024-10-09 05:56:14
cAYSebRw@ya.ru,READ,2024-10-09 23:50:52
RPtdqaaqzU@mail.ru,UPDATE,2024-10-09 08:55:32
cAYSebRw@ya.ru,READ,2024-10-09 18:52:17
OQDcdwoPopzX@gmail.com,READ,2024-10-09 16:12:55
RPtdqaaqzU@mail.ru,UPDATE,2024-10-09 01:57:02
RPtdqaaqzU@mail.ru,READ,2024-10-09 15:42:38
ZQiHeeZQvzD@gmail.com,UPDATE,2024-10-09 15:37:55
cAYSebRw@ya.ru,UPDATE,2024-10-09 02:25:18
qFwYx@ya.ru,READ,2024-10-09 11:49:23
ZQiHeeZQvzD@gmail.com,UPDATE,2024-10-09 22:50:45
OgLEEVCO@gmail.com,DELETE,2024-10-09 14:07:07
lQqsqMcCTR@gmail.com,UPDATE,2024-10-09 04:46:50
fwPMcQWOl@gmail.com,CREATE,2024-10-09 13:03:40
RPtdqaaqzU@mail.ru,UPDATE,2024-10-09 00:39:28
RPtdqaaqzU@mail.ru,READ,2024-10-09 23:25:03
cAYSebRw@ya.ru,DELETE,2024-10-09 19:49:22
cAYSebRw@ya.ru,READ,2024-10-09 15:54:37
lQqsqMcCTR@gmail.com,CREATE,2024-10-09 13:52:38
ZQiHeeZQvzD@gmail.com,CREATE,2024-10-09 16:46:38
qFwYx@ya.ru,READ,2024-10-09 07:03:36
uiBbsz@ya.ru,CREATE,2024-10-09 06:48:55
RPtdqaaqzU@mail.ru,READ,2024-10-09 06:03:16
qFwYx@ya.ru,UPDATE,2024-10-09 01:56:35
lQqsqMcCTR@gmail.com,DELETE,2024-10-09 10:25:33
RPtdqaaqzU@mail.ru,READ,2024-10-09 16:39:32
OQDcdwoPopzX@gmail.com,READ,2024-10-09 19:07:15
cAYSebRw@ya.ru,UPDATE,2024-10-09 21:53:53
eBKqtbRzNtGo@ya.ru,READ,2024-10-09 14:16:34
lQqsqMcCTR@gmail.com,READ,2024-10-09 00:31:38
cAYSebRw@ya.ru,UPDATE,2024-10-09 04:12:26
lQqsqMcCTR@gmail.com,READ,2024-10-09 19:14:57
OQDcdwoPopzX@gmail.com,DELETE,2024-10-09 20:38:14
OQDcdwoPopzX@gmail.com,CREATE,2024-10-09 05:37:54
OQDcdwoPopzX@gmail.com,CREATE,2024-10-09 02:13:12
fwPMcQWOl@gmail.com,CREATE,2024-10-09 02:30:08
ZQiHeeZQvzD@gmail.com,UPDATE,2024-10-09 23:49:07
RPtdqaaqzU@mail.ru,UPDATE,2024-10-09 20:52:02
cAYSebRw@ya.ru,DELETE,2024-10-09 17:42:11
fwPMcQWOl@gmail.com,DELETE,2024-10-09 06:28:12
RPtdqaaqzU@mail.ru,DELETE,2024-10-09 20:30:03
lQqsqMcCTR@gmail.com,UPDATE,2024-10-09 08:52:55
RPtdqaaqzU@mail.ru,READ,2024-10-09 09:27:50
lQqsqMcCTR@gmail.com,READ,2024-10-09 08:59:26
lQqsqMcCTR@gmail.com,READ,2024-10-09 05:00:18
ZQiHeeZQvzD@gmail.com,DELETE,2024-10-09 21:11:42
OQDcdwoPopzX@gmail.com,UPDATE,2024-10-09 20:59:20
OQDcdwoPopzX@gmail.com,DELETE,2024-10-09 12:21:30
lQqsqMcCTR@gmail.com,UPDATE,2024-10-09 21:58:03
qFwYx@ya.ru,UPDATE,2024-10-09 17:58:52
OQDcdwoPopzX@gmail.com,CREATE,2024-10-09 12:58:44
RPtdqaaqzU@mail.ru,UPDATE,2024-10-09 17:33:02
OQDcdwoPopzX@gmail.com,DELETE,2024-10-09 15:44:56
OQDcdwoPopzX@gmail.com,DELETE,2024-10-09 18:02:33
RPtdqaaqzU@mail.ru,READ,2024-10-09 10:35:38
uiBbsz@ya.ru,CREATE,2024-10-09 00:51:37
RPtdqaaqzU@mail.ru,UPDATE,2024-10-09 02:34:40
cAYSebRw@ya.ru,DELETE,2024-10-09 03:36:41
ZQiHeeZQvzD@gmail.com,CREATE,2024-10-09 21:49:48
eBKqtbRzNtGo@ya.ru,CREATE,2024-10-09 02:09:19
fwPMcQWOl@gmail.com,READ,2024-10-09 06:25:26
qFwYx@ya.ru,DELETE,2024-10-09 15:28:12
RPtdqaaqzU@mail.ru,READ,2024-10-09 17:09:45
fwPMcQWOl@gmail.com,CREATE,2024-10-09 10:11:42
OQDcdwoPopzX@gmail.com,CREATE,2024-10-09 06:06:53
qFwYx@ya.ru,READ,2024-10-09 05:14:00
ZQiHeeZQvzD@gmail.com,CREATE,2024-10-09 07:18:10
ZQiHeeZQvzD@gmail.com,UPDATE,2024-10-09 14:29:16
qFwYx@ya.ru,UPDATE,2024-10-09 00:28:41
OgLEEVCO@gmail.com,DELETE,2024-10-09 02:27:06
qFwYx@ya.ru,CREATE,2024-10-09 16:08:36
cAYSebRw@ya.ru,CREATE,2024-10-09 18:22:19
OQDcdwoPopzX@gmail.com,CREATE,2024-10-09 07:12:28
ZQiHeeZQvzD@gmail.com,CREATE,2024-10-09 03:23:15
uiBbsz@ya.ru,UPDATE,2024-10-09 20:42:01
cAYSebRw@ya.ru,UPDATE,2024-10-09 22:42:38
OgLEEVCO@gmail.com,CREATE,2024-10-09 22:55:53
lQqsqMcCTR@gmail.com,UPDATE,2024-10-09 11:43:48
OQDcdwoPopzX@gmail.com,UPDATE,2024-10-09 07:53:16
uiBbsz@ya.ru,UPDATE,2024-10-09 14:24:23
lQqsqMcCTR@gmail.com,DELETE,2024-10-09 08:21:19
fwPMcQWOl@gmail.com,DELETE,2024-10-09 04:03:37
uiBbsz@ya.ru,DELETE,2024-10-09 15:51:53
lQqsqMcCTR@gmail.com,UPDATE,2024-10-09 02:15:24
OgLEEVCO@gmail.com,UPDATE,2024-10-09 05:24:24
RPtdqaaqzU@mail.ru,READ,2024-10-09 17:11:12
lQqsqMcCTR@gmail.com,READ,2024-10-09 09:20:41
lQqsqMcCTR@gmail.com,READ,2024-10-09 20:34:10
cAYSebRw@ya.ru,CREATE,2024-10-09 01:14:21
lQqsqMcCTR@gmail.com,DELETE,2024-10-09 20:32:34
OgLEEVCO@gmail.com,UPDATE,2024-10-09 06:42:58
qFwYx@ya.ru,DELETE,2024-10-09 22:26:45
OgLEEVCO@gmail.com,UPDATE,2024-10-09 01:57:09
OQDcdwoPopzX@gmail.com,READ,2024-10-09 19:34:55
OQDcdwoPopzX@gmail.com,UPDATE,2024-10-09 11:26:58
cAYSebRw@ya.ru,UPDATE,2024-10-09 09:10:38
ZQiHeeZQvzD@gmail.com,DELETE,2024-10-09 23:16:41
OQDcdwoPopzX@gmail.com,READ,2024-10-09 19:49:07
eBKqtbRzNtGo@ya.ru,DELETE,2024-10-09 06:31:55
eBKqtbRzNtGo@ya.ru,UPDATE,2024-10-09 17:00:52
uiBbsz@ya.ru,DELETE,2024-10-09 21:58:14
OgLEEVCO@gmail.com,UPDATE,2024-10-09 09:05:49
lQqsqMcCTR@gmail.com,READ,2024-10-09 07:09:22
eBKqtbRzNtGo@ya.ru,CREATE,2024-10-09 15:38:22
fwPMcQWOl@gmail.com,READ,2024-10-09 02:40:25
RPtdqaaqzU@mail.ru,READ,2024-10-09 09:46:47
cAYSebRw@ya.ru,READ,2024-10-09 14:21:40
ZQiHeeZQvzD@gmail.com,CREATE,2024-10-09 05:31:36
fwPMcQWOl@gmail.com,CREATE,2024-10-09 01:42:16
fwPMcQWOl@gmail.com,UPDATE,2024-10-09 07:15:30
lQqsqMcCTR@gmail.com,UPDATE,2024-10-09 19:45:13
uiBbsz@ya.ru,DELETE,2024-10-09 20:50:12
fwPMcQWOl@gmail.com,DELETE,2024-10-09 15:21:22
ZQiHeeZQvzD@gmail.com,UPDATE,2024-10-09 12:24:41
eBKqtbRzNtGo@ya.ru,READ,2024-10-09 17:05:39
cAYSebRw@ya.ru,UPDATE,2024-10-09 04:10:17
qFwYx@ya.ru,CREATE,2024-10-09 13:29:19
fwPMcQWOl@gmail.com,DELETE,2024-10-09 20:49:22
eBKqtbRzNtGo@ya.ru,DELETE,2024-10-09 13:40:13
cAYSebRw@ya.ru,UPDATE,2024-10-09 12:19:11
qFwYx@ya.ru,UPDATE,2024-10-09 15:15:13
ZQiHeeZQvzD@gmail.com,UPDATE,2024-10-09 21:09:50
eBKqtbRzNtGo@ya.ru,DELETE,2024-10-09 14:45:53
OQDcdwoPopzX@gmail.com,DELETE,2024-10-09 03:59:22
eBKqtbRzNtGo@ya.ru,CREATE,2024-10-09 08:31:49
RPtdqaaqzU@mail.ru,CREATE,2024-10-09 19:50:08
RPtdqaaqzU@mail.ru,CREATE,2024-10-09 10:12:37
ZQiHeeZQvzD@gmail.com,CREATE,2024-10-09 00:20:52
lQqsqMcCTR@gmail.com,UPDATE,2024-10-09 04:15:56
qFwYx@ya.ru,CREATE,2024-10-09 08:45:46
RPtdqaaqzU@mail.ru,CREATE,2024-10-09 07:02:54
RPtdqaaqzU@mail.ru,READ,2024-10-09 03:17:01
lQqsqMcCTR@gmail.com,CREATE,2024-10-09 21:21:04
cAYSebRw@ya.ru,UPDATE,2024-10-09 14:18:36
RPtdqaaqzU@mail.ru,READ,2024-10-09 09:24:52
qFwYx@ya.ru,READ,2024-10-09 16:31:15
OQDcdwoPopzX@gmail.com,DELETE,2024-10-09 01:50:33
ZQiHeeZQvzD@gmail.com,UPDATE,2024-10-09 23:17:37
fwPMcQWOl@gmail.com,UPDATE,2024-10-09 14:14:32
qFwYx@ya.ru,READ,2024-10-09 02:10:10
eBKqtbRzNtGo@ya.ru,UPDATE,2024-10-09 06:56:33
cAYSebRw@ya.ru,DELETE,2024-10-09 00:53:12
RPtdqaaqzU@mail.ru,CREATE,2024-10-09 15:59:14
eBKqtbRzNtGo@ya.ru,UPDATE,2024-10-09 14:46:05
RPtdqaaqzU@mail.ru,DELETE,2024-10-09 16:27:24
cAYSebRw@ya.ru,DELETE,2024-10-09 03:34:33
OgLEEVCO@gmail.com,READ,2024-10-09 14:28:20
OgLEEVCO@gmail.com,READ,2024-10-09 19:52:09
uiBbsz@ya.ru,UPDATE,2024-10-09 06:44:49
RPtdqaaqzU@mail.ru,READ,2024-10-09 01:15:58
OQDcdwoPopzX@gmail.com,UPDATE,2024-10-09 15:33:17
RPtdqaaqzU@mail.ru,DELETE,2024-10-09 06:07:42
fwPMcQWOl@gmail.com,CREATE,2024-10-09 07:21:54
OQDcdwoPopzX@gmail.com,READ,2024-10-09 13:10:42
uiBbsz@ya.ru,DELETE,2024-10-09 04:41:26
qFwYx@ya.ru,READ,2024-10-09 23:19:37
ZQiHeeZQvzD@gmail.com,CREATE,2024-10-09 20:50:28
cAYSebRw@ya.ru,CREATE,2024-10-09 22:43:46
ZQiHeeZQvzD@gmail.com,UPDATE,2024-10-09 23:23:07
ZQiHeeZQvzD@gmail.com,DELETE,2024-10-09 16:54:40
OQDcdwoPopzX@gmail.com,UPDATE,2024-10-09 22:53:16
fwPMcQWOl@gmail.com,READ,2024-10-09 12:11:02
eBKqtbRzNtGo@ya.ru,READ,2024-10-09 23:47:37
RPtdqaaqzU@mail.ru,UPDATE,2024-10-09 12:54:32
RPtdqaaqzU@mail.ru,CREATE,2024-10-09 03:41:49
OgLEEVCO@gmail.com,READ,2024-10-09 12:33:32
ZQiHeeZQvzD@gmail.com,UPDATE,2024-10-09 11:39:31
ZQiHeeZQvzD@gmail.com,DELETE,2024-10-09 19:15:05
uiBbsz@ya.ru,CREATE,2024-10-09 20:57:34
ZQiHeeZQvzD@gmail.com,UPDATE,2024-10-09 01:46:17
fwPMcQWOl@gmail.com,CREATE,2024-10-09 10:37:05
OQDcdwoPopzX@gmail.com,READ,2024-10-09 21:30:42
OgLEEVCO@gmail.com,DELETE,2024-10-09 06:14:48
RPtdqaaqzU@mail.ru,UPDATE,2024-10-09 08:12:22
eBKqtbRzNtGo@ya.ru,DELETE,2024-10-09 09:24:32
qFwYx@ya.ru,DELETE,2024-10-09 21:57:34
fwPMcQWOl@gmail.com,READ,2024-10-09 01:19:36
lQqsqMcCTR@gmail.com,UPDATE,2024-10-09 02:04:56
cAYSebRw@ya.ru,CREATE,2024-10-09 08:09:11
eBKqtbRzNtGo@ya.ru,READ,2024-10-09 12:04:39
ZQiHeeZQvzD@gmail.com,UPDATE,2024-10-09 02:03:27
fwPMcQWOl@gmail.com,DELETE,2024-10-09 23:28:56
uiBbsz@ya.ru,DELETE,2024-10-09 16:11:17
OgLEEVCO@gmail.com,READ,2024-10-09 14:39:15
RPtdqaaqzU@mail.ru,CREATE,2024-10-09 19:59:31
qFwYx@ya.ru,CREATE,2024-10-09 09:36:13
fwPMcQWOl@gmail.com,DELETE,2024-10-09 09:09:32
lQqsqMcCTR@gmail.com,READ,2024-10-09 23:07:53
eBKqtbRzNtGo@ya.ru,UPDATE,2024-10-09 06:15:01
OQDcdwoPopzX@gmail.com,READ,2024-10-09 02:22:46
ZQiHeeZQvzD@gmail.com,DELETE,2024-10-09 03:24:29
OgLEEVCO@gmail.com,READ,2024-10-09 12:21:43
OQDcdwoPopzX@gmail.com,UPDATE,2024-10-09 04:50:50
OgLEEVCO@gmail.com,CREATE,2024-10-09 23:19:01
fwPMcQWOl@gmail.com,READ,2024-10-09 08:56:29
RPtdqaaqzU@mail.ru,DELETE,2024-10-09 16:33:18
OQDcdwoPopzX@gmail.com,DELETE,2024-10-09 05:48:08
OgLEEVCO@gmail.com,CREATE,2024-10-09 15:20:42
cAYSebRw@ya.ru,READ,2024-10-09 05:44:36
cAYSebRw@ya.ru,READ,2024-10-09 06:40:57
cAYSebRw@ya.ru,UPDATE,2024-10-09 19:24:52
fwPMcQWOl@gmail.com,UPDATE,2024-10-09 11:04:44
RPtdqaaqzU@mail.ru,READ,2024-10-09 14:52:32
qFwYx@ya.ru,DELETE,2024-10-09 03:48:11
fwPMcQWOl@gmail.com,READ,2024-10-09 08:41:13
cAYSebRw@ya.ru,READ,2024-10-09 09:48:07
fwPMcQWOl@gmail.com,CREATE,2024-10-09 11:22:23
RPtdqaaqzU@mail.ru,READ,2024-10-09 17:57:07
ZQiHeeZQvzD@gmail.com,READ,2024-10-09 00:02:19
fwPMcQWOl@gmail.com,DELETE,2024-10-09 18:00:39
fwPMcQWOl@gmail.com,READ,2024-10-09 11:06:40
fwPMcQWOl@gmail.com,UPDATE,2024-10-09 20:45:57
cAYSebRw@ya.ru,UPDATE,2024-10-09 06:29:41
OgLEEVCO@gmail.com,CREATE,2024-10-09 09:48:27
cAYSebRw@ya.ru,CREATE,2024-10-09 02:06:25
eBKqtbRzNtGo@ya.ru,CREATE,2024-10-09 20:07:07
ZQiHeeZQvzD@gmail.com,UPDATE,2024-10-09 17:58:21
RPtdqaaqzU@mail.ru,READ,2024-10-09 20:21:18
qFwYx@ya.ru,DELETE,2024-10-09 06:10:35
cAYSebRw@ya.ru,DELETE,2024-10-09 22:32:08
RPtdqaaqzU@mail.ru,DELETE,2024-10-09 00:59:53
eBKqtbRzNtGo@ya.ru,UPDATE,2024-10-09 22:58:55
cAYSebRw@ya.ru,CREATE,2024-10-09 08:27:59
eBKqtbRzNtGo@ya.ru,DELETE,2024-10-09 22:04:52
RPtdqaaqzU@mail.ru,DELETE,2024-10-09 22:30:37
qFwYx@ya.ru,READ,2024-10-09 06:39:25
ZQiHeeZQvzD@gmail.com,CREATE,2024-10-09 16:04:31
qFwYx@ya.ru,READ,2024-10-09 23:59:47
fwPMcQWOl@gmail.com,DELETE,2024-10-09 03:29:42
OQDcdwoPopzX@gmail.com,DELETE,2024-10-09 07:44:59
ZQiHeeZQvzD@gmail.com,CREATE,2024-10-09 10:01:02
cAYSebRw@ya.ru,UPDATE,2024-10-09 12:32:56
fwPMcQWOl@gmail.com,CREATE,2024-10-09 11:33:03
qFwYx@ya.ru,READ,2024-10-09 05:57:01
OgLEEVCO@gmail.com,UPDATE,2024-10-09 21:02:18
fwPMcQWOl@gmail.com,CREATE,2024-10-09 20:28:07
OQDcdwoPopzX@gmail.com,READ,2024-10-09 11:42:18
qFwYx@ya.ru,CREATE,2024-10-09 14:44:38
lQqsqMcCTR@gmail.com,UPDATE,2024-10-09 20:09:20
RPtdqaaqzU@mail.ru,CREATE,2024-10-09 06:39:02
uiBbsz@ya.ru,DELETE,2024-10-09 16:14:59
cAYSebRw@ya.ru,CREATE,2024-10-09 14:39:11
qFwYx@ya.ru,READ,2024-10-09 18:31:20
OQDcdwoPopzX@gmail.com,CREATE,2024-10-09 20:05:11
cAYSebRw@ya.ru,CREATE,2024-10-09 05:15:27
uiBbsz@ya.ru,READ,2024-10-09 06:14:06
fwPMcQWOl@gmail.com,READ,2024-10-09 23:42:13
ZQiHeeZQvzD@gmail.com,CREATE,2024-10-09 11:41:06
OgLEEVCO@gmail.com,CREATE,2024-10-09 19:58:50
OQDcdwoPopzX@gmail.com,DELETE,2024-10-09 19:45:12
OgLEEVCO@gmail.com,CREATE,2024-10-09 01:09:41
cAYSebRw@ya.ru,CREATE,2024-10-09 07:11:02
qFwYx@ya.ru,READ,2024-10-09 03:01:45
cAYSebRw@ya.ru,READ,2024-10-09 03:00:36
OQDcdwoPopzX@gmail.com,DELETE,2024-10-09 12:57:04
OQDcdwoPopzX@gmail.com,CREATE,2024-10-09 09:20:23
eBKqtbRzNtGo@ya.ru,UPDATE,2024-10-09 18:47:08
ZQiHeeZQvzD@gmail.com,UPDATE,2024-10-09 04:06:50
lQqsqMcCTR@gmail.com,DELETE,2024-10-09 06:01:06
eBKqtbRzNtGo@ya.ru,UPDATE,2024-10-09 16:25:15
OgLEEVCO@gmail.com,READ,2024-10-09 09:10:09
lQqsqMcCTR@gmail.com,CREATE,2024-10-09 22:54:48
RPtdqaaqzU@mail.ru,UPDATE,2024-10-09 07:17:09
eBKqtbRzNtGo@ya.ru,DELETE,2024-10-09 12:09:41
OgLEEVCO@gmail.com,READ,2024-10-09 14:03:46
cAYSebRw@ya.ru,UPDATE,2024-10-09 21:35:37
fwPMcQWOl@gmail.com,READ,2024-10-09 18:46:14
uiBbsz@ya.ru,CREATE,2024-10-09 00:13:41
OgLEEVCO@gmail.com,CREATE,2024-10-09 20:07:19
cAYSebRw@ya.ru,CREATE,2024-10-09 13:55:58
eBKqtbRzNtGo@ya.ru,CREATE,2024-10-09 04:13:45
OgLEEVCO@gmail.com,CREATE,2024-10-09 06:19:35
OgLEEVCO@gmail.com,DELETE,2024-10-09 09:50:49
RPtdqaaqzU@mail.ru,DELETE,2024-10-09 01:10:53
eBKqtbRzNtGo@ya.ru,DELETE,2024-10-09 09:48:50
lQqsqMcCTR@gmail.com,DELETE,2024-10-09 01:30:50
ZQiHeeZQvzD@gmail.com,CREATE,2024-10-09 23:45:22
eBKqtbRzNtGo@ya.ru,READ,2024-10-09 18:39:43
OgLEEVCO@gmail.com,CREATE,2024-10-09 20:57:35
uiBbsz@ya.ru,UPDATE,2024-10-09 08:48:39
qFwYx@ya.ru,READ,2024-10-09 01:30:05
cAYSebRw@ya.ru,DELETE,2024-10-09 06:50:00
OQDcdwoPopzX@gmail.com,DELETE,2024-10-09 04:19:22
OQDcdwoPopzX@gmail.com,UPDATE,2024-10-09 11:33:17
fwPMcQWOl@gmail.com,UPDATE,2024-10-09 02:57:43
qFwYx@ya.ru,DELETE,2024-10-09 02:29:31
OQDcdwoPopzX@gmail.com,READ,2024-10-09 16:33:50
RPtdqaaqzU@mail.ru,UPDATE,2024-10-09 10:08:50
ZQiHeeZQvzD@gmail.com,READ,2024-10-09 16:45:49
lQqsqMcCTR@gmail.com,UPDATE,2024-10-09 17:53:34
cAYSebRw@ya.ru,UPDATE,2024-10-09 06:57:03
uiBbsz@ya.ru,READ,2024-10-09 18:05:50
qFwYx@ya.ru,DELETE,2024-10-09 07:38:00
cAYSebRw@ya.ru,CREATE,2024-10-09 08:35:19
cAYSebRw@ya.ru,DELETE,2024-10-09 13:17:53
qFwYx@ya.ru,CREATE,2024-10-09 14:12:18
fwPMcQWOl@gmail.com,READ,2024-10-09 13:51:51
lQqsqMcCTR@gmail.com,DELETE,2024-10-09 21:05:32
cAYSebRw@ya.ru,CREATE,2024-10-09 07:27:59
OgLEEVCO@gmail.com,UPDATE,2024-10-09 06:13:07
OQDcdwoPopzX@gmail.com,CREATE,2024-10-09 17:38:51
eBKqtbRzNtGo@ya.ru,UPDATE,2024-10-09 14:52:18
uiBbsz@ya.ru,CREATE,2024-10-09 23:39:48
OQDcdwoPopzX@gmail.com,DELETE,2024-10-09 11:40:26
fwPMcQWOl@gmail.com,DELETE,2024-10-09 08:42:53
fwPMcQWOl@gmail.com,UPDATE,2024-10-09 02:29:26
lQqsqMcCTR@gmail.com,UPDATE,2024-10-09 03:09:08
uiBbsz@ya.ru,READ,2024-10-09 04:34:47
lQqsqMcCTR@gmail.com,CREATE,2024-10-09 11:05:42
OgLEEVCO@gmail.com,READ,2024-10-09 10:29:16
ZQiHeeZQvzD@gmail.com,CREATE,2024-10-09 07:22:52
OgLEEVCO@gmail.com,DELETE,2024-10-09 02:45:22
OgLEEVCO@gmail.com,READ,2024-10-09 10:39:53
eBKqtbRzNtGo@ya.ru,UPDATE,2024-10-09 21:26:21
OgLEEVCO@gmail.com,READ,2024-10-09 15:11:29
uiBbsz@ya.ru,CREATE,2024-10-09 01:02:07
lQqsqMcCTR@gmail.com,UPDATE,2024-10-09 21:40:34
RPtdqaaqzU@mail.ru,CREATE,2024-10-09 17:29:32
ZQiHeeZQvzD@gmail.com,READ,2024-10-09 06:15:37
eBKqtbRzNtGo@ya.ru,CREATE,2024-10-09 21:19:26
cAYSebRw@ya.ru,DELETE,2024-10-09 21:10:20
OQDcdwoPopzX@gmail.com,READ,2024-10-09 10:50:04
uiBbsz@ya.ru,CREATE,2024-10-09 13:12:54
ZQiHeeZQvzD@gmail.com,READ,2024-10-09 17:04:13
RPtdqaaqzU@mail.ru,UPDATE,2024-10-09 10:45:12
ZQiHeeZQvzD@gmail.com,READ,2024-10-09 18:11:07
uiBbsz@ya.ru,UPDATE,2024-10-09 14:34:00
RPtdqaaqzU@mail.ru,UPDATE,2024-10-09 21:58:35
fwPMcQWOl@gmail.com,CREATE,2024-10-09 17:53:46
uiBbsz@ya.ru,READ,2024-10-09 08:09:45
ZQiHeeZQvzD@gmail.com,CREATE,2024-10-09 01:04:39
RPtdqaaqzU@mail.ru,UPDATE,2024-10-09 20:01:06
RPtdqaaqzU@mail.ru,CREATE,2024-10-09 19:02:20
qFwYx@ya.ru,CREATE,2024-10-09 20:07:43
lQqsqMcCTR@gmail.com,CREATE,2024-10-09 20:51:11
OQDcdwoPopzX@gmail.com,UPDATE,2024-10-09 03:28:19
ZQiHeeZQvzD@gmail.com,UPDATE,2024-10-09 07:16:00
fwPMcQWOl@gmail.com,DELETE,2024-10-09 05:37:39
fwPMcQWOl@gmail.com,READ,2024-10-09 12:52:42
fwPMcQWOl@gmail.com,DELETE,2024-10-09 07:32:03
RPtdqaaqzU@mail.ru,READ,2024-10-09 06:29:13
RPtdqaaqzU@mail.ru,CREATE,2024-10-09 09:46:52
cAYSebRw@ya.ru,CREATE,2024-10-09 22:26:37
RPtdqaaqzU@mail.ru,CREATE,2024-10-09 12:15:02
fwPMcQWOl@gmail.com,DELETE,2024-10-09 22:07:59
eBKqtbRzNtGo@ya.ru,DELETE,2024-10-09 08:21:04
uiBbsz@ya.ru,DELETE,2024-10-09 12:04:01
OQDcdwoPopzX@gmail.com,UPDATE,2024-10-09 05:33:28
fwPMcQWOl@gmail.com,READ,2024-10-09 14:16:11
fwPMcQWOl@gmail.com,UPDATE,2024-10-09 06:47:04
OQDcdwoPopzX@gmail.com,UPDATE,2024-10-09 21:34:46
qFwYx@ya.ru,CREATE,2024-10-09 14:12:00
qFwYx@ya.ru,DELETE,2024-10-09 04:04:24
RPtdqaaqzU@mail.ru,UPDATE,2024-10-09 06:07:59
RPtdqaaqzU@mail.ru,READ,2024-10-09 08:06:52
eBKqtbRzNtGo@ya.ru,CREATE,2024-10-09 02:20:56
OgLEEVCO@gmail.com,READ,2024-10-09 19:17:01
lQqsqMcCTR@gmail.com,UPDATE,2024-10-09 01:59:23
uiBbsz@ya.ru,DELETE,2024-10-09 09:20:51
cAYSebRw@ya.ru,UPDATE,2024-10-09 18:10:55
qFwYx@ya.ru,CREATE,2024-10-09 05:54:04
OgLEEVCO@gmail.com,UPDATE,2024-10-09 19:28:10
OQDcdwoPopzX@gmail.com,CREATE,2024-10-09 10:50:47
RPtdqaaqzU@mail.ru,UPDATE,2024-10-09 03:42:16
eBKqtbRzNtGo@ya.ru,CREATE,2024-10-09 12:49:02
uiBbsz@ya.ru,CREATE,2024-10-09 09:36:11
RPtdqaaqzU@mail.ru,UPDATE,2024-10-09 01:01:39
qFwYx@ya.ru,READ,2024-10-09 02:47:10
OgLEEVCO@gmail.com,READ,2024-10-09 01:13:39
OQDcdwoPopzX@gmail.com,UPDATE,2024-10-09 15:24:12
OgLEEVCO@gmail.com,CREATE,2024-10-09 21:23:30
qFwYx@ya.ru,DELETE,2024-10-09 02:31:29
RPtdqaaqzU@mail.ru,UPDATE,2024-10-09 22:51:49
lQqsqMcCTR@gmail.com,DELETE,2024-10-09 02:55:47
OgLEEVCO@gmail.com,UPDATE,2024-10-09 15:06:51
cAYSebRw@ya.ru,CREATE,2024-10-09 02:13:37
ZQiHeeZQvzD@gmail.com,READ,2024-10-09 20:06:37
qFwYx@ya.ru,DELETE,2024-10-09 02:34:51
fwPMcQWOl@gmail.com,UPDATE,2024-10-09 04:15:50
lQqsqMcCTR@gmail.com,CREATE,2024-10-09 14:04:00
qFwYx@ya.ru,UPDATE,2024-10-09 18:48:38
uiBbsz@ya.ru,CREATE,2024-10-09 05:41:38
lQqsqMcCTR@gmail.com,DELETE,2024-10-09 08:29:01
OQDcdwoPopzX@gmail.com,UPDATE,2024-10-09 06:07:04
eBKqtbRzNtGo@ya.ru,READ,2024-10-09 19:52:28
eBKqtbRzNtGo@ya.ru,UPDATE,2024-10-09 13:58:35
uiBbsz@ya.ru,CREATE,2024-10-09 05:10:57
qFwYx@ya.ru,UPDATE,2024-10-09 02:20:12
cAYSebRw@ya.ru,UPDATE,2024-10-09 22:38:49
RPtdqaaqzU@mail.ru,UPDATE,2024-10-09 09:34:18
OgLEEVCO@gmail.com,UPDATE,2024-10-09 06:46:19
ZQiHeeZQvzD@gmail.com,READ,2024-10-09 19:58:52
OgLEEVCO@gmail.com,UPDATE,2024-10-09 03:23:39
uiBbsz@ya.ru,DELETE,2024-10-09 03:20:20
eBKqtbRzNtGo@ya.ru,READ,2024-10-09 14:39:39
eBKqtbRzNtGo@ya.ru,UPDATE,2024-10-09 23:31:40
qFwYx@ya.ru,DELETE,2024-10-09 14:48:42
OgLEEVCO@gmail.com,UPDATE,2024-10-09 08:06:11
fwPMcQWOl@gmail.com,READ,2024-10-09 03:31:23
qFwYx@ya.ru,DELETE,2024-10-09 15:22:17
uiBbsz@ya.ru,DELETE,2024-10-09 06:19:55
ZQiHeeZQvzD@gmail.com,READ,2024-10-09 02:27:44
uiBbsz@ya.ru,CREATE,2024-10-09 10:16:01
OgLEEVCO@gmail.com,CREATE,2024-10-09 06:48:25
OgLEEVCO@gmail.com,DELETE,2024-10-09 06:25:23
OgLEEVCO@gmail.com,READ,2024-10-09 22:24:20
OQDcdwoPopzX@gmail.com,CREATE,2024-10-09 01:41:22
OgLEEVCO@gmail.com,READ,2024-10-09 02:07:55
uiBbsz@ya.ru,UPDATE,2024-10-09 00:13:33
lQqsqMcCTR@gmail.com,READ,2024-10-09 05:11:51
cAYSebRw@ya.ru,UPDATE,2024-10-09 20:56:38
RPtdqaaqzU@mail.ru,CREATE,2024-10-09 18:37:55
RPtdqaaqzU@mail.ru,DELETE,2024-10-09 03:07:34
fwPMcQWOl@gmail.com,READ,2024-10-09 13:16:19
OgLEEVCO@gmail.com,DELETE,2024-10-09 07:59:53
lQqsqMcCTR@gmail.com,CREATE,2024-10-09 14:38:45
ZQiHeeZQvzD@gmail.com,DELETE,2024-10-09 13:30:21
RPtdqaaqzU@mail.ru,UPDATE,2024-10-09 20:01:27
fwPMcQWOl@gmail.com,DELETE,2024-10-09 05:21:25
ZQiHeeZQvzD@gmail.com,READ,2024-10-09 10:15:19
RPtdqaaqzU@mail.ru,DELETE,2024-10-09 23:32:41
uiBbsz@ya.ru,CREATE,2024-10-09 22:16:01
uiBbsz@ya.ru,DELETE,2024-10-09 01:20:49
lQqsqMcCTR@gmail.com,UPDATE,2024-10-09 06:06:23
lQqsqMcCTR@gmail.com,UPDATE,2024-10-09 00:52:52
cAYSebRw@ya.ru,UPDATE,2024-10-09 07:08:52
cAYSebRw@ya.ru,READ,2024-10-09 18:03:17
uiBbsz@ya.ru,DELETE,2024-10-09 11:37:07
cAYSebRw@ya.ru,UPDATE,2024-10-09 14:03:08
OgLEEVCO@gmail.com,DELETE,2024-10-09 00:16:25
qFwYx@ya.ru,DELETE,2024-10-09 06:08:27
uiBbsz@ya.ru,READ,2024-10-09 00:00:39
eBKqtbRzNtGo@ya.ru,UPDATE,2024-10-09 08:09:09
OQDcdwoPopzX@gmail.com,DELETE,2024-10-09 11:36:18
OgLEEVCO@gmail.com,UPDATE,2024-10-09 18:32:34
uiBbsz@ya.ru,DELETE,2024-10-09 21:51:21
lQqsqMcCTR@gmail.com,CREATE,2024-10-09 13:23:17
RPtdqaaqzU@mail.ru,CREATE,2024-10-09 09:38:56
OQDcdwoPopzX@gmail.com,CREATE,2024-10-09 10:46:45
ZQiHeeZQvzD@gmail.com,UPDATE,2024-10-09 06:56:12
qFwYx@ya.ru,DELETE,2024-10-09 22:57:37
OQDcdwoPopzX@gmail.com,CREATE,2024-10-09 10:37:48
lQqsqMcCTR@gmail.com,CREATE,2024-10-09 05:43:43
OQDcdwoPopzX@gmail.com,DELETE,2024-10-09 03:07:50
fwPMcQWOl@gmail.com,DELETE,2024-10-09 16:37:26
RPtdqaaqzU@mail.ru,UPDATE,2024-10-09 00:26:35
uiBbsz@ya.ru,DELETE,2024-10-09 16:41:19
OgLEEVCO@gmail.com,CREATE,2024-10-09 16:47:00
lQqsqMcCTR@gmail.com,DELETE,2024-10-09 05:04:01
lQqsqMcCTR@gmail.com,READ,2024-10-09 05:58:33
RPtdqaaqzU@mail.ru,DELETE,2024-10-09 07:11:33
ZQiHeeZQvzD@gmail.com,READ,2024-10-09 09:49:51
ZQiHeeZQvzD@gmail.com,UPDATE,2024-10-09 12:12:12
lQqsqMcCTR@gmail.com,UPDATE,2024-10-09 17:06:19
cAYSebRw@ya.ru,READ,2024-10-09 11:33:07
fwPMcQWOl@gmail.com,DELETE,2024-10-09 14:39:28
lQqsqMcCTR@gmail.com,UPDATE,2024-10-09 03:29:19
cAYSebRw@ya.ru,CREATE,2024-10-09 02:16:23
lQqsqMcCTR@gmail.com,READ,2024-10-09 02:11:05
lQqsqMcCTR@gmail.com,DELETE,2024-10-09 14:04:16
eBKqtbRzNtGo@ya.ru,UPDATE,2024-10-09 19:27:47
fwPMcQWOl@gmail.com,UPDATE,2024-10-09 01:54:22
eBKqtbRzNtGo@ya.ru,UPDATE,2024-10-09 16:16:02
lQqsqMcCTR@gmail.com,DELETE,2024-10-09 12:56:51
lQqsqMcCTR@gmail.com,READ,2024-10-09 10:23:37
lQqsqMcCTR@gmail.com,UPDATE,2024-10-09 12:17:21
ZQiHeeZQvzD@gmail.com,DELETE,2024-10-09 11:59:09
fwPMcQWOl@gmail.com,READ,2024-10-09 22:25:41
uiBbsz@ya.ru,UPDATE,2024-10-09 06:10:48
RPtdqaaqzU@mail.ru,CREATE,2024-10-09 00:54:22
fwPMcQWOl@gmail.com,READ,2024-10-09 07:42:01
OgLEEVCO@gmail.com,READ,2024-10-09 03:37:54
ZQiHeeZQvzD@gmail.com,READ,2024-10-09 14:45:04
RPtdqaaqzU@mail.ru,UPDATE,2024-10-09 10:24:19
lQqsqMcCTR@gmail.com,UPDATE,2024-10-09 21:11:28
uiBbsz@ya.ru,UPDATE,2024-10-09 20:21:53
cAYSebRw@ya.ru,READ,2024-10-09 20:01:57
qFwYx@ya.ru,DELETE,2024-10-09 04:57:56
ZQiHeeZQvzD@gmail.com,DELETE,2024-10-09 14:34:49
fwPMcQWOl@gmail.com,READ,2024-10-09 09:16:58
qFwYx@ya.ru,UPDATE,2024-10-09 06:46:44
RPtdqaaqzU@mail.ru,CREATE,2024-10-09 12:43:17
cAYSebRw@ya.ru,READ,2024-10-09 00:48:12
OgLEEVCO@gmail.com,UPDATE,2024-10-09 14:34:11
fwPMcQWOl@gmail.com,READ,2024-10-09 04:09:21
uiBbsz@ya.ru,DELETE,2024-10-09 05:57:52
ZQiHeeZQvzD@gmail.com,CREATE,2024-10-09 22:51:25
fwPMcQWOl@gmail.com,CREATE,2024-10-09 03:43:35
OgLEEVCO@gmail.com,UPDATE,2024-10-09 09:21:14
RPtdqaaqzU@mail.ru,CREATE,2024-10-09 08:06:13
RPtdqaaqzU@mail.ru,UPDATE,2024-10-09 22:15:15
qFwYx@ya.ru,UPDATE,2024-10-09 10:24:57
lQqsqMcCTR@gmail.com,DELETE,2024-10-09 21:33:40
cAYSebRw@ya.ru,CREATE,2024-10-09 23:10:38
OgLEEVCO@gmail.com,DELETE,2024-10-09 20:41:24
ZQiHeeZQvzD@gmail.com,DELETE,2024-10-09 16:14:22
OgLEEVCO@gmail.com,CREATE,2024-10-09 06:46:44
lQqsqMcCTR@gmail.com,READ,2024-10-09 23:59:56
fwPMcQWOl@gmail.com,READ,2024-10-09 14:41:22
ZQiHeeZQvzD@gmail.com,UPDATE,2024-10-09 04:46:57
lQqsqMcCTR@gmail.com,DELETE,2024-10-09 13:12:33
uiBbsz@ya.ru,CREATE,2024-10-09 05:58:40
OgLEEVCO@gmail.com,CREATE,2024-10-09 00:28:32
qFwYx@ya.ru,UPDATE,2024-10-09 20:46:44
fwPMcQWOl@gmail.com,DELETE,2024-10-09 07:41:42
RPtdqaaqzU@mail.ru,CREATE,2024-10-09 07:58:11
ZQiHeeZQvzD@gmail.com,UPDATE,2024-10-09 19:44:35
OQDcdwoPopzX@gmail.com,DELETE,2024-10-09 13:14:48
uiBbsz@ya.ru,READ,2024-10-09 04:00:14
OgLEEVCO@gmail.com,CREATE,2024-10-09 08:10:26
lQqsqMcCTR@gmail.com,READ,2024-10-09 13:49:55
cAYSebRw@ya.ru,DELETE,2024-10-09 17:12:49
fwPMcQWOl@gmail.com,DELETE,2024-10-09 12:50:31
OgLEEVCO@gmail.com,UPDATE,2024-10-09 03:18:24
OQDcdwoPopzX@gmail.com,DELETE,2024-10-09 08:14:09
uiBbsz@ya.ru,DELETE,2024-10-09 21:38:43
OgLEEVCO@gmail.com,UPDATE,2024-10-09 20:19:42
fwPMcQWOl@gmail.com,CREATE,2024-10-09 22:33:46
ZQiHeeZQvzD@gmail.com,READ,2024-10-09 07:24:46
cAYSebRw@ya.ru,READ,2024-10-09 06:39:36
ZQiHeeZQvzD@gmail.com,DELETE,2024-10-09 02:54:37
RPtdqaaqzU@mail.ru,DELETE,2024-10-09 10:50:41
eBKqtbRzNtGo@ya.ru,READ,2024-10-09 01:05:43
OQDcdwoPopzX@gmail.com,UPDATE,2024-10-09 17:17:40
OQDcdwoPopzX@gmail.com,DELETE,2024-10-09 04:12:22
eBKqtbRzNtGo@ya.ru,READ,2024-10-09 10:55:56
RPtdqaaqzU@mail.ru,CREATE,2024-10-09 16:26:21
uiBbsz@ya.ru,READ,2024-10-09 02:13:35
cAYSebRw@ya.ru,DELETE,2024-10-09 21:17:43
lQqsqMcCTR@gmail.com,CREATE,2024-10-09 21:30:01
RPtdqaaqzU@mail.ru,READ,2024-10-09 14:29:36
qFwYx@ya.ru,READ,2024-10-09 15:56:09
qFwYx@ya.ru,DELETE,2024-10-09 04:40:33
lQqsqMcCTR@gmail.com,DELETE,2024-10-09 09:15:19
eBKqtbRzNtGo@ya.ru,DELETE,2024-10-09 09:40:48
cAYSebRw@ya.ru,CREATE,2024-10-09 23:10:14
OgLEEVCO@gmail.com,DELETE,2024-10-09 20:11:38
OgLEEVCO@gmail.com,UPDATE,2024-10-09 05:34:12
RPtdqaaqzU@mail.ru,READ,2024-10-09 07:14:57
RPtdqaaqzU@mail.ru,UPDATE,2024-10-09 07:58:57
qFwYx@ya.ru,READ,2024-10-09 01:08:02
fwPMcQWOl@gmail.com,DELETE,2024-10-09 22:52:34
cAYSebRw@ya.ru,CREATE,2024-10-09 18:59:11
uiBbsz@ya.ru,CREATE,2024-10-09 13:05:55
eBKqtbRzNtGo@ya.ru,UPDATE,2024-10-09 19:22:15
cAYSebRw@ya.ru,UPDATE,2024-10-09 20:09:16
cAYSebRw@ya.ru,CREATE,2024-10-09 17:10:45
lQqsqMcCTR@gmail.com,CREATE,2024-10-09 15:37:12
uiBbsz@ya.ru,DELETE,2024-10-09 03:03:14
OQDcdwoPopzX@gmail.com,DELETE,2024-10-09 10:25:41
cAYSebRw@ya.ru,UPDATE,2024-10-09 00:34:42
OgLEEVCO@gmail.com,UPDATE,2024-10-09 18:13:23
fwPMcQWOl@gmail.com,UPDATE,2024-10-09 14:18:34
fwPMcQWOl@gmail.com,CREATE,2024-10-09 09:28:28
uiBbsz@ya.ru,DELETE,2024-10-09 12:35:40
uiBbsz@ya.ru,UPDATE,2024-10-09 17:17:39
OQDcdwoPopzX@gmail.com,DELETE,2024-10-09 21:48:03
eBKqtbRzNtGo@ya.ru,READ,2024-10-09 21:48:35
RPtdqaaqzU@mail.ru,DELETE,2024-10-09 11:09:08
uiBbsz@ya.ru,DELETE,2024-10-09 16:37:08
ZQiHeeZQvzD@gmail.com,READ,2024-10-09 22:11:14
ZQiHeeZQvzD@gmail.com,CREATE,2024-10-09 14:55:29
lQqsqMcCTR@gmail.com,UPDATE,2024-10-09 08:54:22
RPtdqaaqzU@mail.ru,UPDATE,2024-10-09 13:38:25
ZQiHeeZQvzD@gmail.com,DELETE,2024-10-09 00:31:23
OgLEEVCO@gmail.com,CREATE,2024-10-09 13:23:45
uiBbsz@ya.ru,DELETE,2024-10-09 12:32:22
OgLEEVCO@gmail.com,CREATE,2024-10-09 11:10:36
cAYSebRw@ya.ru,READ,2024-10-09 19:33:45
OgLEEVCO@gmail.com,DELETE,2024-10-09 11:58:33
lQqsqMcCTR@gmail.com,DELETE,2024-10-09 18:47:37
eBKqtbRzNtGo@ya.ru,CREATE,2024-10-09 04:36:09
cAYSebRw@ya.ru,UPDATE,2024-10-09 01:04:39
OQDcdwoPopzX@gmail.com,DELETE,2024-10-09 11:57:22
uiBbsz@ya.ru,READ,2024-10-09 08:39:51
lQqsqMcCTR@gmail.com,READ,2024-10-09 08:14:45
RPtdqaaqzU@mail.ru,READ,2024-10-09 17:18:29
OgLEEVCO@gmail.com,CREATE,2024-10-09 02:30:12
qFwYx@ya.ru,CREATE,2024-10-09 10:35:26
OgLEEVCO@gmail.com,DELETE,2024-10-09 08:28:26
RPtdqaaqzU@mail.ru,DELETE,2024-10-09 15:19:45
cAYSebRw@ya.ru,UPDATE,2024-10-09 12:32:17
fwPMcQWOl@gmail.com,UPDATE,2024-10-09 18:57:05
cAYSebRw@ya.ru,UPDATE,2024-10-09 19:01:31
uiBbsz@ya.ru,DELETE,2024-10-09 07:35:02
RPtdqaaqzU@mail.ru,DELETE,2024-10-09 19:33:20
lQqsqMcCTR@gmail.com,CREATE,2024-10-09 17:42:12
OQDcdwoPopzX@gmail.com,DELETE,2024-10-09 06:14:33
uiBbsz@ya.ru,DELETE,2024-10-09 16:28:32
qFwYx@ya.ru,READ,2024-10-09 19:44:28
RPtdqaaqzU@mail.ru,UPDATE,2024-10-09 21:25:33
OQDcdwoPopzX@gmail.com,CREATE,2024-10-09 02:09:36
ZQiHeeZQvzD@gmail.com,READ,2024-10-09 15:29:08
qFwYx@ya.ru,UPDATE,2024-10-09 07:45:15
RPtdqaaqzU@mail.ru,UPDATE,2024-10-09 01:20:24
eBKqtbRzNtGo@ya.ru,READ,2024-10-09 04:11:46
qFwYx@ya.ru,UPDATE,2024-10-09 23:32:35
OQDcdwoPopzX@gmail.com,DELETE,2024-10-09 13:13:14
cAYSebRw@ya.ru,DELETE,2024-10-09 14:38:56
fwPMcQWOl@gmail.com,CREATE,2024-10-09 18:37:18
fwPMcQWOl@gmail.com,UPDATE,2024-10-09 14:07:54
eBKqtbRzNtGo@ya.ru,DELETE,2024-10-09 04:27:53
uiBbsz@ya.ru,CREATE,2024-10-09 21:39:20
lQqsqMcCTR@gmail.com,CREATE,2024-10-09 07:14:44
uiBbsz@ya.ru,UPDATE,2024-10-09 17:56:59
fwPMcQWOl@gmail.com,DELETE,2024-10-09 04:10:34
eBKqtbRzNtGo@ya.ru,READ,2024-10-09 11:27:29
OQDcdwoPopzX@gmail.com,UPDATE,2024-10-09 00:18:36
OQDcdwoPopzX@gmail.com,UPDATE,2024-10-09 00:54:57
eBKqtbRzNtGo@ya.ru,CREATE,2024-10-09 06:14:44
RPtdqaaqzU@mail.ru,UPDATE,2024-10-09 05:27:57
eBKqtbRzNtGo@ya.ru,UPDATE,2024-10-09 15:18:15
lQqsqMcCTR@gmail.com,DELETE,2024-10-09 23:37:58
fwPMcQWOl@gmail.com,UPDATE,2024-10-09 11:48:39
OQDcdwoPopzX@gmail.com,UPDATE,2024-10-09 00:48:00
cAYSebRw@ya.ru,CREATE,2024-10-09 20:52:26
cAYSebRw@ya.ru,UPDATE,2024-10-09 20:48:14
qFwYx@ya.ru,READ,2024-10-09 02:53:20
OQDcdwoPopzX@gmail.com,DELETE,2024-10-09 22:42:25
OQDcdwoPopzX@gmail.com,CREATE,2024-10-09 07:11:26
fwPMcQWOl@gmail.com,UPDATE,2024-10-09 03:45:43
OgLEEVCO@gmail.com,UPDATE,2024-10-09 01:08:54
fwPMcQWOl@gmail.com,UPDATE,2024-10-09 17:11:17
cAYSebRw@ya.ru,UPDATE,2024-10-09 02:49:29
qFwYx@ya.ru,UPDATE,2024-10-09 02:12:41
fwPMcQWOl@gmail.com,UPDATE,2024-10-09 02:23:57
OgLEEVCO@gmail.com,UPDATE,2024-10-09 20:30:38
uiBbsz@ya.ru,CREATE,2024-10-09 02:49:16
cAYSebRw@ya.ru,DELETE,2024-10-09 01:50:55
fwPMcQWOl@gmail.com,CREATE,2024-10-09 09:41:31
lQqsqMcCTR@gmail.com,CREATE,2024-10-09 16:33:23
cAYSebRw@ya.ru,READ,2024-10-09 14:23:34
lQqsqMcCTR@gmail.com,UPDATE,2024-10-09 20:32:27
OQDcdwoPopzX@gmail.com,CREATE,2024-10-09 11:14:58
fwPMcQWOl@gmail.com,UPDATE,2024-10-09 21:20:24
uiBbsz@ya.ru,CREATE,2024-10-09 06:00:38
ZQiHeeZQvzD@gmail.com,CREATE,2024-10-09 05:08:02
OgLEEVCO@gmail.com,DELETE,2024-10-09 07:56:33
lQqsqMcCTR@gmail.com,READ,2024-10-09 01:59:44
lQqsqMcCTR@gmail.com,UPDATE,2024-10-09 12:46:51
eBKqtbRzNtGo@ya.ru,DELETE,2024-10-09 12:01:45
fwPMcQWOl@gmail.com,READ,2024-10-09 15:55:14
OQDcdwoPopzX@gmail.com,DELETE,2024-10-09 19:29:31
eBKqtbRzNtGo@ya.ru,UPDATE,2024-10-09 04:55:04
fwPMcQWOl@gmail.com,DELETE,2024-10-09 22:34:17
uiBbsz@ya.ru,UPDATE,2024-10-09 22:57:41
uiBbsz@ya.ru,UPDATE,2024-10-09 21:34:19
ZQiHeeZQvzD@gmail.com,UPDATE,2024-10-09 07:54:14
OgLEEVCO@gmail.com,READ,2024-10-09 15:25:05
OQDcdwoPopzX@gmail.com,CREATE,2024-10-09 23:47:55
RPtdqaaqzU@mail.ru,CREATE,2024-10-09 03:07:38
OQDcdwoPopzX@gmail.com,CREATE,2024-10-09 05:21:19
OQDcdwoPopzX@gmail.com,READ,2024-10-09 12:25:10
lQqsqMcCTR@gmail.com,READ,2024-10-09 01:09:39
RPtdqaaqzU@mail.ru,CREATE,2024-10-09 08:55:15
lQqsqMcCTR@gmail.com,READ,2024-10-09 02:51:23
cAYSebRw@ya.ru,DELETE,2024-10-09 03:33:24
uiBbsz@ya.ru,DELETE,2024-10-09 20:00:10
ZQiHeeZQvzD@gmail.com,CREATE,2024-10-09 07:19:06
uiBbsz@ya.ru,UPDATE,2024-10-09 09:36:40
lQqsqMcCTR@gmail.com,DELETE,2024-10-09 00:48:45
OgLEEVCO@gmail.com,DELETE,2024-10-09 23:58:14
lQqsqMcCTR@gmail.com,CREATE,2024-10-09 02:21:31
OgLEEVCO@gmail.com,UPDATE,2024-10-09 16:07:05
qFwYx@ya.ru,CREATE,2024-10-09 12:26:19
lQqsqMcCTR@gmail.com,UPDATE,2024-10-09 20:57:39
ZQiHeeZQvzD@gmail.com,READ,2024-10-09 21:04:15
cAYSebRw@ya.ru,UPDATE,2024-10-09 00:06:45
eBKqtbRzNtGo@ya.ru,UPDATE,2024-10-09 17:57:40
cAYSebRw@ya.ru,READ,2024-10-09 11:37:24
lQqsqMcCTR@gmail.com,UPDATE,2024-10-09 07:42:06
lQqsqMcCTR@gmail.com,CREATE,2024-10-09 02:35:18
eBKqtbRzNtGo@ya.ru,UPDATE,2024-10-09 12:13:36
RPtdqaaqzU@mail.ru,CREATE,2024-10-09 00:26:24
qFwYx@ya.ru,DELETE,2024-10-09 22:33:04
ZQiHeeZQvzD@gmail.com,READ,2024-10-09 06:27:08
ZQiHeeZQvzD@gmail.com,READ,2024-10-09 23:33:16
RPtdqaaqzU@mail.ru,UPDATE,2024-10-09 02:38:35
RPtdqaaqzU@mail.ru,CREATE,2024-10-09 04:15:42
OgLEEVCO@gmail.com,CREATE,2024-10-09 06:20:33
RPtdqaaqzU@mail.ru,UPDATE,2024-10-09 06:30:18
fwPMcQWOl@gmail.com,DELETE,2024-10-09 07:41:16
eBKqtbRzNtGo@ya.ru,READ,2024-10-09 17:42:01
OgLEEVCO@gmail.com,READ,2024-10-09 01:24:24
cAYSebRw@ya.ru,READ,2024-10-09 21:35:31
lQqsqMcCTR@gmail.com,CREATE,2024-10-09 04:45:40
OQDcdwoPopzX@gmail.com,UPDATE,2024-10-09 21:22:42
OQDcdwoPopzX@gmail.com,CREATE,2024-10-09 18:55:32
ZQiHeeZQvzD@gmail.com,UPDATE,2024-10-09 13:30:19
qFwYx@ya.ru,UPDATE,2024-10-09 20:20:57
fwPMcQWOl@gmail.com,UPDATE,2024-10-09 00:08:17
OgLEEVCO@gmail.com,UPDATE,2024-10-09 00:41:39
fwPMcQWOl@gmail.com,DELETE,2024-10-09 12:01:36
qFwYx@ya.ru,READ,2024-10-09 11:16:33
OgLEEVCO@gmail.com,DELETE,2024-10-09 15:01:44
fwPMcQWOl@gmail.com,UPDATE,2024-10-09 07:03:11
fwPMcQWOl@gmail.com,UPDATE,2024-10-09 12:50:36
cAYSebRw@ya.ru,READ,2024-10-09 21:07:54
OgLEEVCO@gmail.com,READ,2024-10-09 20:38:32
uiBbsz@ya.ru,CREATE,2024-10-09 06:33:49
uiBbsz@ya.ru,CREATE,2024-10-09 03:49:42
qFwYx@ya.ru,CREATE,2024-10-09 18:00:11
lQqsqMcCTR@gmail.com,CREATE,2024-10-09 13:09:29
uiBbsz@ya.ru,READ,2024-10-09 02:01:52
OgLEEVCO@gmail.com,UPDATE,2024-10-09 18:16:59
cAYSebRw@ya.ru,CREATE,2024-10-09 14:23:26
eBKqtbRzNtGo@ya.ru,CREATE,2024-10-09 18:47:28
uiBbsz@ya.ru,READ,2024-10-09 07:52:47
uiBbsz@ya.ru,READ,2024-10-09 23:36:07
ZQiHeeZQvzD@gmail.com,DELETE,2024-10-09 06:19:16
uiBbsz@ya.ru,CREATE,2024-10-09 16:35:40
uiBbsz@ya.ru,READ,2024-10-09 04:24:06
uiBbsz@ya.ru,CREATE,2024-10-09 16:21:18
fwPMcQWOl@gmail.com,CREATE,2024-10-09 04:02:02
lQqsqMcCTR@gmail.com,READ,2024-10-09 05:27:08
eBKqtbRzNtGo@ya.ru,DELETE,2024-10-09 07:12:55
OQDcdwoPopzX@gmail.com,CREATE,2024-10-09 05:14:18
ZQiHeeZQvzD@gmail.com,READ,2024-10-09 04:08:33
RPtdqaaqzU@mail.ru,UPDATE,2024-10-09 08:02:24
eBKqtbRzNtGo@ya.ru,UPDATE,2024-10-09 02:04:43
fwPMcQWOl@gmail.com,READ,2024-10-09 05:24:30
cAYSebRw@ya.ru,READ,2024-10-09 21:18:55
fwPMcQWOl@gmail.com,UPDATE,2024-10-09 18:15:02
eBKqtbRzNtGo@ya.ru,READ,2024-10-09 18:22:55
eBKqtbRzNtGo@ya.ru,CREATE,2024-10-09 11:53:05
OQDcdwoPopzX@gmail.com,DELETE,2024-10-09 18:16:21
eBKqtbRzNtGo@ya.ru,DELETE,2024-10-09 01:36:36
OQDcdwoPopzX@gmail.com,CREATE,2024-10-09 01:11:45
fwPMcQWOl@gmail.com,CREATE,2024-10-09 16:49:40
eBKqtbRzNtGo@ya.ru,READ,2024-10-09 20:46:09
OQDcdwoPopzX@gmail.com,UPDATE,2024-10-09 07:35:24
eBKqtbRzNtGo@ya.ru,READ,2024-10-09 04:16:23
fwPMcQWOl@gmail.com,DELETE,2024-10-09 20:04:35
ZQiHeeZQvzD@gmail.com,DELETE,2024-10-09 18:26:39
uiBbsz@ya.ru,UPDATE,2024-10-09 19:35:21
eBKqtbRzNtGo@ya.ru,UPDATE,2024-10-09 08:33:43
fwPMcQWOl@gmail.com,DELETE,2024-10-09 10:32:12
OQDcdwoPopzX@gmail.com,DELETE,2024-10-09 03:19:32
uiBbsz@ya.ru,DELETE,2024-10-09 12:28:30
eBKqtbRzNtGo@ya.ru,READ,2024-10-09 21:53:22
cAYSebRw@ya.ru,UPDATE,2024-10-09 05:09:20
uiBbsz@ya.ru,DELETE,2024-10-09 13:18:37
uiBbsz@ya.ru,UPDATE,2024-10-09 09:39:29
uiBbsz@ya.ru,DELETE,2024-10-09 06:30:41
OgLEEVCO@gmail.com,UPDATE,2024-10-09 22:05:48
RPtdqaaqzU@mail.ru,READ,2024-10-09 11:52:15
ZQiHeeZQvzD@gmail.com,CREATE,2024-10-09 07:29:55
lQqsqMcCTR@gmail.com,CREATE,2024-10-09 05:07:55
lQqsqMcCTR@gmail.com,UPDATE,2024-10-09 16:59:37
fwPMcQWOl@gmail.com,READ,2024-10-09 19:51:47
qFwYx@ya.ru,READ,2024-10-09 06:08:30
eBKqtbRzNtGo@ya.ru,DELETE,2024-10-09 09:00:17
OgLEEVCO@gmail.com,DELETE,2024-10-09 12:39:22
lQqsqMcCTR@gmail.com,DELETE,2024-10-09 20:20:10
OQDcdwoPopzX@gmail.com,UPDATE,2024-10-09 00:50:12
uiBbsz@ya.ru,DELETE,2024-10-09 18:50:14
fwPMcQWOl@gmail.com,UPDATE,2024-10-09 19:54:37
qFwYx@ya.ru,UPDATE,2024-10-09 09:29:51
uiBbsz@ya.ru,DELETE,2024-10-09 16:25:16
cAYSebRw@ya.ru,CREATE,2024-10-09 07:18:24
OgLEEVCO@gmail.com,DELETE,2024-10-09 03:48:05
fwPMcQWOl@gmail.com,READ,2024-10-09 04:11:18
uiBbsz@ya.ru,READ,2024-10-09 22:18:48
fwPMcQWOl@gmail.com,UPDATE,2024-10-09 13:19:39
uiBbsz@ya.ru,CREATE,2024-10-09 00:58:06
fwPMcQWOl@gmail.com,READ,2024-10-09 14:04:45
fwPMcQWOl@gmail.com,DELETE,2024-10-09 21:40:58
qFwYx@ya.ru,CREATE,2024-10-09 02:57:42
fwPMcQWOl@gmail.com,CREATE,2024-10-09 10:47:20
cAYSebRw@ya.ru,UPDATE,2024-10-09 01:25:09
ZQiHeeZQvzD@gmail.com,UPDATE,2024-10-09 16:29:45
ZQiHeeZQvzD@gmail.com,READ,2024-10-09 22:35:28
eBKqtbRzNtGo@ya.ru,READ,2024-10-09 02:19:00
qFwYx@ya.ru,CREATE,2024-10-09 21:43:49
cAYSebRw@ya.ru,CREATE,2024-10-09 14:35:32
RPtdqaaqzU@mail.ru,READ,2024-10-09 11:27:05
cAYSebRw@ya.ru,READ,2024-10-09 10:44:10
OQDcdwoPopzX@gmail.com,DELETE,2024-10-09 13:02:48
cAYSebRw@ya.ru,CREATE,2024-10-09 21:17:13
RPtdqaaqzU@mail.ru,CREATE,2024-10-09 16:14:12
lQqsqMcCTR@gmail.com,READ,2024-10-09 11:44:48
ZQiHeeZQvzD@gmail.com,READ,2024-10-09 07:57:35
uiBbsz@ya.ru,UPDATE,2024-10-09 19:24:56
qFwYx@ya.ru,DELETE,2024-10-09 05:14:34
fwPMcQWOl@gmail.com,CREATE,2024-10-09 05:09:21
RPtdqaaqzU@mail.ru,READ,2024-10-09 06:22:56
fwPMcQWOl@gmail.com,DELETE,2024-10-09 07:45:38
qFwYx@ya.ru,READ,2024-10-09 15:27:48
OgLEEVCO@gmail.com,CREATE,2024-10-09 15:47:50
eBKqtbRzNtGo@ya.ru,DELETE,2024-10-09 00:38:14
uiBbsz@ya.ru,CREATE,2024-10-09 00:55:11
fwPMcQWOl@gmail.com,READ,2024-10-09 19:46:55
ZQiHeeZQvzD@gmail.com,CREATE,2024-10-09 00:53:07
uiBbsz@ya.ru,UPDATE,2024-10-09 03:05:41
lQqsqMcCTR@gmail.com,DELETE,2024-10-09 12:22:55
ZQiHeeZQvzD@gmail.com,CREATE,2024-10-09 02:03:48
fwPMcQWOl@gmail.com,CREATE,2024-10-09 08:01:51
eBKqtbRzNtGo@ya.ru,DELETE,2024-10-09 13:44:31
OgLEEVCO@gmail.com,UPDATE,2024-10-09 22:45:40
lQqsqMcCTR@gmail.com,READ,2024-10-09 11:57:38
ZQiHeeZQvzD@gmail.com,CREATE,2024-10-09 14:42:13
cAYSebRw@ya.ru,DELETE,2024-10-09 09:16:00
cAYSebRw@ya.ru,UPDATE,2024-10-09 19:34:05
fwPMcQWOl@gmail.com,UPDATE,2024-10-09 21:58:31
OQDcdwoPopzX@gmail.com,CREATE,2024-10-09 00:36:33
fwPMcQWOl@gmail.com,CREATE,2024-10-09 14:35:08
qFwYx@ya.ru,CREATE,2024-10-09 07:50:46
eBKqtbRzNtGo@ya.ru,DELETE,2024-10-09 21:48:14
uiBbsz@ya.ru,READ,2024-10-09 15:06:04
fwPMcQWOl@gmail.com,UPDATE,2024-10-09 05:57:58
ZQiHeeZQvzD@gmail.com,READ,2024-10-09 16:44:01
RPtdqaaqzU@mail.ru,CREATE,2024-10-09 14:30:30
OgLEEVCO@gmail.com,UPDATE,2024-10-09 07:00:52
OQDcdwoPopzX@gmail.com,UPDATE,2024-10-09 11:33:30
fwPMcQWOl@gmail.com,DELETE,2024-10-09 18:36:00
fwPMcQWOl@gmail.com,READ,2024-10-09 14:41:52
RPtdqaaqzU@mail.ru,DELETE,2024-10-09 05:24:32
OgLEEVCO@gmail.com,UPDATE,2024-10-09 16:13:08
ZQiHeeZQvzD@gmail.com,DELETE,2024-10-09 06:34:52
OgLEEVCO@gmail.com,READ,2024-10-09 23:00:20
RPtdqaaqzU@mail.ru,DELETE,2024-10-09 03:47:23
OgLEEVCO@gmail.com,UPDATE,2024-10-09 11:21:20
eBKqtbRzNtGo@ya.ru,READ,2024-10-09 04:56:51
OgLEEVCO@gmail.com,DELETE,2024-10-09 21:03:57
RPtdqaaqzU@mail.ru,CREATE,2024-10-09 14:13:27
qFwYx@ya.ru,CREATE,2024-10-09 01:42:41
RPtdqaaqzU@mail.ru,CREATE,2024-10-09 04:51:19
cAYSebRw@ya.ru,UPDATE,2024-10-09 09:00:44
OQDcdwoPopzX@gmail.com,CREATE,2024-10-09 17:24:25
OgLEEVCO@gmail.com,READ,2024-10-09 09:14:31
RPtdqaaqzU@mail.ru,DELETE,2024-10-09 09:48:06
eBKqtbRzNtGo@ya.ru,UPDATE,2024-10-09 22:56:09
OQDcdwoPopzX@gmail.com,CREATE,2024-10-09 12:27:35
fwPMcQWOl@gmail.com,UPDATE,2024-10-09 08:22:36
cAYSebRw@ya.ru,UPDATE,2024-10-09 16:52:46
cAYSebRw@ya.ru,UPDATE,2024-10-09 08:00:55
OgLEEVCO@gmail.com,CREATE,2024-10-09 23:52:49
OQDcdwoPopzX@gmail.com,UPDATE,2024-10-09 14:17:32
OQDcdwoPopzX@gmail.com,UPDATE,2024-10-09 21:01:04
ZQiHeeZQvzD@gmail.com,CREATE,2024-10-09 22:09:17
OgLEEVCO@gmail.com,READ,2024-10-09 10:00:18
cAYSebRw@ya.ru,UPDATE,2024-10-09 14:05:08
uiBbsz@ya.ru,UPDATE,2024-10-09 06:27:38
uiBbsz@ya.ru,CREATE,2024-10-09 11:18:47
cAYSebRw@ya.ru,CREATE,2024-10-09 15:44:27
eBKqtbRzNtGo@ya.ru,CREATE,2024-10-09 21:47:26
fwPMcQWOl@gmail.com,UPDATE,2024-10-09 13:23:50
fwPMcQWOl@gmail.com,UPDATE,2024-10-09 21:03:55
eBKqtbRzNtGo@ya.ru,CREATE,2024-10-09 23:15:08
eBKqtbRzNtGo@ya.ru,CREATE,2024-10-09 22:25:10
lQqsqMcCTR@gmail.com,READ,2024-10-09 08:49:41
ZQiHeeZQvzD@gmail.com,READ,2024-10-09 06:15:34
eBKqtbRzNtGo@ya.ru,READ,2024-10-09 12:43:59
OgLEEVCO@gmail.com,UPDATE,2024-10-09 14:18:17
eBKqtbRzNtGo@ya.ru,DELETE,2024-10-09 11:27:16
fwPMcQWOl@gmail.com,READ,2024-10-09 10:15:23
ZQiHeeZQvzD@gmail.com,DELETE,2024-10-09 01:34:17
OgLEEVCO@gmail.com,CREATE,2024-10-09 08:12:14
qFwYx@ya.ru,READ,2024-10-09 17:17:02
eBKqtbRzNtGo@ya.ru,UPDATE,2024-10-09 03:18:52
ZQiHeeZQvzD@gmail.com,UPDATE,2024-10-09 08:52:57
OQDcdwoPopzX@gmail.com,UPDATE,2024-10-09 15:10:03
ZQiHeeZQvzD@gmail.com,DELETE,2024-10-09 16:59:46
ZQiHeeZQvzD@gmail.com,DELETE,2024-10-09 06:46:33
uiBbsz@ya.ru,DELETE,2024-10-09 14:15:42
uiBbsz@ya.ru,READ,2024-10-09 11:02:39
OQDcdwoPopzX@gmail.com,DELETE,2024-10-09 16:12:27
lQqsqMcCTR@gmail.com,CREATE,2024-10-09 20:03:08
ZQiHeeZQvzD@gmail.com,UPDATE,2024-10-09 22:52:31
fwPMcQWOl@gmail.com,DELETE,2024-10-09 12:28:52
uiBbsz@ya.ru,UPDATE,2024-10-09 16:34:50
OgLEEVCO@gmail.com,CREATE,2024-10-09 08:39:06
fwPMcQWOl@gmail.com,DELETE,2024-10-09 21:57:53
qFwYx@ya.ru,CREATE,2024-10-09 22:21:06
eBKqtbRzNtGo@ya.ru,READ,2024-10-09 05:24:55
ZQiHeeZQvzD@gmail.com,UPDATE,2024-10-09 17:36:29
ZQiHeeZQvzD@gmail.com,CREATE,2024-10-09 17:00:20
qFwYx@ya.ru,CREATE,2024-10-09 07:04:04
cAYSebRw@ya.ru,READ,2024-10-09 09:35:43
eBKqtbRzNtGo@ya.ru,CREATE,2024-10-09 09:19:54
uiBbsz@ya.ru,DELETE,2024-10-09 08:26:30
eBKqtbRzNtGo@ya.ru,READ,2024-10-09 14:47:47
OgLEEVCO@gmail.com,CREATE,2024-10-09 17:10:12
qFwYx@ya.ru,READ,2024-10-09 20:44:03
lQqsqMcCTR@gmail.com,DELETE,2024-10-09 14:31:07
fwPMcQWOl@gmail.com,DELETE,2024-10-09 18:08:10
ZQiHeeZQvzD@gmail.com,UPDATE,2024-10-09 23:59:20
uiBbsz@ya.ru,READ,2024-10-09 17:55:05
ZQiHeeZQvzD@gmail.com,READ,2024-10-09 22:44:58
eBKqtbRzNtGo@ya.ru,CREATE,2024-10-09 21:15:17
fwPMcQWOl@gmail.com,DELETE,2024-10-09 06:04:34
lQqsqMcCTR@gmail.com,CREATE,2024-10-09 03:57:03
qFwYx@ya.ru,DELETE,2024-10-09 06:30:28
fwPMcQWOl@gmail.com,CREATE,2024-10-09 09:17:55
cAYSebRw@ya.ru,READ,2024-10-09 18:11:02
OgLEEVCO@gmail.com,READ,2024-10-09 12:58:26
fwPMcQWOl@gmail.com,DELETE,2024-10-09 08:55:28
RPtdqaaqzU@mail.ru,DELETE,2024-10-09 16:36:50
RPtdqaaqzU@mail.ru,UPDATE,2024-10-09 18:16:28
eBKqtbRzNtGo@ya.ru,CREATE,2024-10-09 19:52:19
OQDcdwoPopzX@gmail.com,READ,2024-10-09 18:33:40
lQqsqMcCTR@gmail.com,READ,2024-10-09 05:25:16
OgLEEVCO@gmail.com,DELETE,2024-10-09 09:19:40
lQqsqMcCTR@gmail.com,CREATE,2024-10-09 16:46:46
OQDcdwoPopzX@gmail.com,UPDATE,2024-10-09 06:52:08
OQDcdwoPopzX@gmail.com,UPDATE,2024-10-09 17:40:01
ZQiHeeZQvzD@gmail.com,CREATE,2024-10-09 00:36:37
lQqsqMcCTR@gmail.com,CREATE,2024-10-09 22:09:46
cAYSebRw@ya.ru,CREATE,2024-10-09 09:51:36
RPtdqaaqzU@mail.ru,DELETE,2024-10-09 10:16:21
ZQiHeeZQvzD@gmail.com,CREATE,2024-10-09 02:56:51
eBKqtbRzNtGo@ya.ru,CREATE,2024-10-09 12:42:53
qFwYx@ya.ru,DELETE,2024-10-09 15:10:11
eBKqtbRzNtGo@ya.ru,READ,2024-10-09 05:09:07
OgLEEVCO@gmail.com,DELETE,2024-10-09 01:36:59
OQDcdwoPopzX@gmail.com,UPDATE,2024-10-09 20:08:18
eBKqtbRzNtGo@ya.ru,DELETE,2024-10-09 19:56:59
OgLEEVCO@gmail.com,DELETE,2024-10-09 21:33:47
ZQiHeeZQvzD@gmail.com,UPDATE,2024-10-09 06:03:19
fwPMcQWOl@gmail.com,UPDATE,2024-10-09 05:19:26
OgLEEVCO@gmail.com,CREATE,2024-10-09 11:07:48
qFwYx@ya.ru,UPDATE,2024-10-09 04:54:40
uiBbsz@ya.ru,DELETE,2024-10-09 23:54:59
OQDcdwoPopzX@gmail.com,UPDATE,2024-10-09 16:51:31
OgLEEVCO@gmail.com,DELETE,2024-10-09 14:32:50
OQDcdwoPopzX@gmail.com,CREATE,2024-10-09 18:49:57
cAYSebRw@ya.ru,READ,2024-10-09 20:14:50
fwPMcQWOl@gmail.com,CREATE,2024-10-09 01:11:08
eBKqtbRzNtGo@ya.ru,DELETE,2024-10-09 04:54:21
RPtdqaaqzU@mail.ru,UPDATE,2024-10-09 08:15:08
eBKqtbRzNtGo@ya.ru,READ,2024-10-09 05:19:11
qFwYx@ya.ru,UPDATE,2024-10-09 16:56:12
cAYSebRw@ya.ru,DELETE,2024-10-09 12:12:08
uiBbsz@ya.ru,UPDATE,2024-10-09 18:10:31
uiBbsz@ya.ru,READ,2024-10-09 22:15:55
uiBbsz@ya.ru,DELETE,2024-10-09 07:37:11
ZQiHeeZQvzD@gmail.com,READ,2024-10-09 21:47:08
lQqsqMcCTR@gmail.com,CREATE,2024-10-09 01:21:24
cAYSebRw@ya.ru,DELETE,2024-10-09 22:48:15
RPtdqaaqzU@mail.ru,READ,2024-10-09 04:45:38
uiBbsz@ya.ru,DELETE,2024-10-09 12:08:21
ZQiHeeZQvzD@gmail.com,CREATE,2024-10-09 21:17:18
eBKqtbRzNtGo@ya.ru,CREATE,2024-10-09 13:42:15
fwPMcQWOl@gmail.com,DELETE,2024-10-09 12:02:48
qFwYx@ya.ru,CREATE,2024-10-09 11:15:48
eBKqtbRzNtGo@ya.ru,CREATE,2024-10-09 01:57:16
OgLEEVCO@gmail.com,UPDATE,2024-10-09 05:26:06
fwPMcQWOl@gmail.com,READ,2024-10-09 11:54:25
eBKqtbRzNtGo@ya.ru,UPDATE,2024-10-09 01:44:37
fwPMcQWOl@gmail.com,UPDATE,2024-10-09 23:29:14
eBKqtbRzNtGo@ya.ru,DELETE,2024-10-09 12:29:44
eBKqtbRzNtGo@ya.ru,READ,2024-10-09 02:31:56
qFwYx@ya.ru,DELETE,2024-10-09 20:24:42
OQDcdwoPopzX@gmail.com,CREATE,2024-10-09 05:25:50
lQqsqMcCTR@gmail.com,CREATE,2024-10-09 02:27:29
lQqsqMcCTR@gmail.com,UPDATE,2024-10-09 07:52:10
RPtdqaaqzU@mail.ru,UPDATE,2024-10-09 12:14:29
cAYSebRw@ya.ru,READ,2024-10-09 14:44:21
uiBbsz@ya.ru,READ,2024-10-09 10:35:29
eBKqtbRzNtGo@ya.ru,CREATE,2024-10-09 12:23:14
fwPMcQWOl@gmail.com,READ,2024-10-09 05:48:26
OgLEEVCO@gmail.com,UPDATE,2024-10-09 21:37:42
cAYSebRw@ya.ru,UPDATE,2024-10-09 02:05:43
OQDcdwoPopzX@gmail.com,CREATE,2024-10-09 03:31:05
OgLEEVCO@gmail.com,CREATE,2024-10-09 21:13:41
OQDcdwoPopzX@gmail.com,READ,2024-10-09 22:22:13
lQqsqMcCTR@gmail.com,DELETE,2024-10-09 14:31:12
eBKqtbRzNtGo@ya.ru,CREATE,2024-10-09 14:10:16
uiBbsz@ya.ru,DELETE,2024-10-09 01:06:50
cAYSebRw@ya.ru,UPDATE,2024-10-09 06:07:21
qFwYx@ya.ru,CREATE,2024-10-09 01:04:46
lQqsqMcCTR@gmail.com,READ,2024-10-09 04:41:41
fwPMcQWOl@gmail.com,UPDATE,2024-10-09 23:47:26
OQDcdwoPopzX@gmail.com,CREATE,2024-10-09 06:21:55
qFwYx@ya.ru,READ,2024-10-09 19:24:18
RPtdqaaqzU@mail.ru,READ,2024-10-09 17:11:38
eBKqtbRzNtGo@ya.ru,UPDATE,2024-10-09 16:31:20
OgLEEVCO@gmail.com,UPDATE,2024-10-09 18:07:32
eBKqtbRzNtGo@ya.ru,READ,2024-10-09 09:33:03
RPtdqaaqzU@mail.ru,DELETE,2024-10-09 02:45:34
qFwYx@ya.ru,UPDATE,2024-10-09 08:11:26
uiBbsz@ya.ru,CREATE,2024-10-09 08:09:53
qFwYx@ya.ru,CREATE,2024-10-09 15:58:34
RPtdqaaqzU@mail.ru,CREATE,2024-10-09 13:08:36
cAYSebRw@ya.ru,READ,2024-10-09 08:37:30
eBKqtbRzNtGo@ya.ru,CREATE,2024-10-09 15:38:39
uiBbsz@ya.ru,CREATE,2024-10-09 06:15:58
qFwYx@ya.ru,UPDATE,2024-10-09 08:23:41
lQqsqMcCTR@gmail.com,CREATE,2024-10-09 03:17:15
eBKqtbRzNtGo@ya.ru,CREATE,2024-10-09 14:01:47
uiBbsz@ya.ru,UPDATE,2024-10-09 11:46:52
uiBbsz@ya.ru,DELETE,2024-10-09 03:02:01
ZQiHeeZQvzD@gmail.com,CREATE,2024-10-09 02:28:17
cAYSebRw@ya.ru,READ,2024-10-09 09:47:39
eBKqtbRzNtGo@ya.ru,DELETE,2024-10-09 17:30:05
fwPMcQWOl@gmail.com,READ,2024-10-09 13:58:45
OQDcdwoPopzX@gmail.com,DELETE,2024-10-09 11:35:50
OgLEEVCO@gmail.com,DELETE,2024-10-09 07:51:55
OQDcdwoPopzX@gmail.com,READ,2024-10-09 03:24:23
cAYSebRw@ya.ru,UPDATE,2024-10-09 03:57:46
RPtdqaaqzU@mail.ru,READ,2024-10-09 04:40:56
OQDcdwoPopzX@gmail.com,DELETE,2024-10-09 17:26:27
eBKqtbRzNtGo@ya.ru,UPDATE,2024-10-09 19:46:01
eBKqtbRzNtGo@ya.ru,DELETE,2024-10-09 08:47:17
OgLEEVCO@gmail.com,UPDATE,2024-10-09 18:57:12
uiBbsz@ya.ru,UPDATE,2024-10-09 00:42:37
OgLEEVCO@gmail.com,CREATE,2024-10-09 10:31:06
eBKqtbRzNtGo@ya.ru,CREATE,2024-10-09 03:43:57
fwPMcQWOl@gmail.com,READ,2024-10-09 08:25:06
cAYSebRw@ya.ru,UPDATE,2024-10-09 09:16:39
ZQiHeeZQvzD@gmail.com,DELETE,2024-10-09 04:50:33
RPtdqaaqzU@mail.ru,DELETE,2024-10-09 00:01:14
lQqsqMcCTR@gmail.com,DELETE,2024-10-09 10:30:18
OgLEEVCO@gmail.com,UPDATE,2024-10-09 05:29:01
lQqsqMcCTR@gmail.com,READ,2024-10-09 04:29:12
qFwYx@ya.ru,DELETE,2024-10-09 15:42:02
ZQiHeeZQvzD@gmail.com,CREATE,2024-10-09 07:07:29
eBKqtbRzNtGo@ya.ru,DELETE,2024-10-09 05:05:35
uiBbsz@ya.ru,UPDATE,2024-10-09 23:40:21
uiBbsz@ya.ru,DELETE,2024-10-09 05:42:20
RPtdqaaqzU@mail.ru,UPDATE,2024-10-09 05:14:00
fwPMcQWOl@gmail.com,DELETE,2024-10-09 12:09:03
OgLEEVCO@gmail.com,UPDATE,2024-10-09 03:42:45
ZQiHeeZQvzD@gmail.com,DELETE,2024-10-09 22:41:04
qFwYx@ya.ru,DELETE,2024-10-09 13:47:47
OQDcdwoPopzX@gmail.com,UPDATE,2024-10-09 00:00:02
lQqsqMcCTR@gmail.com,UPDATE,2024-10-09 01:27:38
OQDcdwoPopzX@gmail.com,CREATE,2024-10-09 14:02:22
eBKqtbRzNtGo@ya.ru,READ,2024-10-09 17:24:28
fwPMcQWOl@gmail.com,CREATE,2024-10-09 12:55:20
eBKqtbRzNtGo@ya.ru,READ,2024-10-09 13:01:20
eBKqtbRzNtGo@ya.ru,CREATE,2024-10-09 13:32:34
RPtdqaaqzU@mail.ru,CREATE,2024-10-09 02:26:46
eBKqtbRzNtGo@ya.ru,DELETE,2024-10-09 07:28:16
fwPMcQWOl@gmail.com,UPDATE,2024-10-09 15:55:39
lQqsqMcCTR@gmail.com,CREATE,2024-10-09 08:23:29
ZQiHeeZQvzD@gmail.com,UPDATE,2024-10-09 11:01:06
fwPMcQWOl@gmail.com,UPDATE,2024-10-09 07:10:24
cAYSebRw@ya.ru,DELETE,2024-10-09 09:36:43
qFwYx@ya.ru,UPDATE,2024-10-09 03:39:18
ZQiHeeZQvzD@gmail.com,CREATE,2024-10-09 05:35:47
qFwYx@ya.ru,CREATE,2024-10-09 22:31:08
eBKqtbRzNtGo@ya.ru,UPDATE,2024-10-09 09:22:30
cAYSebRw@ya.ru,DELETE,2024-10-09 16:14:02
RPtdqaaqzU@mail.ru,DELETE,2024-10-09 17:10:31
qFwYx@ya.ru,CREATE,2024-10-09 09:11:17
qFwYx@ya.ru,READ,2024-10-09 03:08:41
eBKqtbRzNtGo@ya.ru,DELETE,2024-10-09 03:26:39
RPtdqaaqzU@mail.ru,UPDATE,2024-10-09 09:42:56
eBKqtbRzNtGo@ya.ru,READ,2024-10-09 12:24:03
fwPMcQWOl@gmail.com,UPDATE,2024-10-09 07:53:52
OgLEEVCO@gmail.com,UPDATE,2024-10-09 18:32:50
OgLEEVCO@gmail.com,UPDATE,2024-10-09 18:25:16
eBKqtbRzNtGo@ya.ru,READ,2024-10-09 19:43:53
qFwYx@ya.ru,DELETE,2024-10-09 19:16:45
OQDcdwoPopzX@gmail.com,UPDATE,2024-10-09 02:31:13
qFwYx@ya.ru,DELETE,2024-10-09 04:47:28
OgLEEVCO@gmail.com,DELETE,2024-10-09 10:05:44
RPtdqaaqzU@mail.ru,UPDATE,2024-10-09 00:11:04
cAYSebRw@ya.ru,CREATE,2024-10-09 11:27:04
eBKqtbRzNtGo@ya.ru,DELETE,2024-10-09 05:02:43
OQDcdwoPopzX@gmail.com,READ,2024-10-09 18:21:43
ZQiHeeZQvzD@gmail.com,DELETE,2024-10-09 07:10:23
ZQiHeeZQvzD@gmail.com,CREATE,2024-10-09 16:58:53
uiBbsz@ya.ru,DELETE,2024-10-09 21:17:47
cAYSebRw@ya.ru,DELETE,2024-10-09 01:15:29
lQqsqMcCTR@gmail.com,READ,2024-10-09 14:53:11
eBKqtbRzNtGo@ya.ru,DELETE,2024-10-09 05:10:56
qFwYx@ya.ru,UPDATE,2024-10-09 07:35:45
fwPMcQWOl@gmail.com,CREATE,2024-10-09 16:56:37
ZQiHeeZQvzD@gmail.com,CREATE,2024-10-09 18:29:41
OgLEEVCO@gmail.com,READ,2024-10-09 03:43:24
RPtdqaaqzU@mail.ru,CREATE,2024-10-09 14:05:13
cAYSebRw@ya.ru,UPDATE,2024-10-09 04:20:23
uiBbsz@ya.ru,READ,2024-10-09 18:30:02
qFwYx@ya.ru,UPDATE,2024-10-09 03:45:36
RPtdqaaqzU@mail.ru,DELETE,2024-10-09 00:19:09
cAYSebRw@ya.ru,READ,2024-10-09 16:25:57
ZQiHeeZQvzD@gmail.com,UPDATE,2024-10-09 13:49:20
RPtdqaaqzU@mail.ru,READ,2024-10-09 13:04:05
lQqsqMcCTR@gmail.com,DELETE,2024-10-09 03:40:22
lQqsqMcCTR@gmail.com,CREATE,2024-10-09 11:59:05
eBKqtbRzNtGo@ya.ru,DELETE,2024-10-09 20:44:54
eBKqtbRzNtGo@ya.ru,DELETE,2024-10-09 04:11:24
uiBbsz@ya.ru,CREATE,2024-10-09 00:25:49
eBKqtbRzNtGo@ya.ru,READ,2024-10-09 12:31:22
OQDcdwoPopzX@gmail.com,CREATE,2024-10-09 07:50:32
fwPMcQWOl@gmail.com,READ,2024-10-09 09:22:19
OQDcdwoPopzX@gmail.com,CREATE,2024-10-09 01:24:25
RPtdqaaqzU@mail.ru,CREATE,2024-10-09 21:03:04
ZQiHeeZQvzD@gmail.com,UPDATE,2024-10-09 06:09:15
OgLEEVCO@gmail.com,UPDATE,2024-10-09 19:10:56
cAYSebRw@ya.ru,READ,2024-10-09 14:19:08
cAYSebRw@ya.ru,CREATE,2024-10-09 16:07:26
ZQiHeeZQvzD@gmail.com,UPDATE,2024-10-09 05:24:24
RPtdqaaqzU@mail.ru,CREATE,2024-10-09 13:42:45
OQDcdwoPopzX@gmail.com,UPDATE,2024-10-09 07:53:13
cAYSebRw@ya.ru,UPDATE,2024-10-09 15:42:48
qFwYx@ya.ru,CREATE,2024-10-09 00:56:53
OQDcdwoPopzX@gmail.com,DELETE,2024-10-09 08:02:09
uiBbsz@ya.ru,READ,2024-10-09 07:00:19
OQDcdwoPopzX@gmail.com,UPDATE,2024-10-09 16:05:52
fwPMcQWOl@gmail.com,CREATE,2024-10-09 01:48:30
uiBbsz@ya.ru,UPDATE,2024-10-09 00:29:30
lQqsqMcCTR@gmail.com,CREATE,2024-10-09 14:38:58
cAYSebRw@ya.ru,UPDATE,2024-10-09 15:01:24
eBKqtbRzNtGo@ya.ru,DELETE,2024-10-09 04:56:42
ZQiHeeZQvzD@gmail.com,READ,2024-10-09 05:51:55
RPtdqaaqzU@mail.ru,READ,2024-10-09 11:42:13
cAYSebRw@ya.ru,READ,2024-10-09 08:52:48
uiBbsz@ya.ru,DELETE,2024-10-09 02:42:55
ZQiHeeZQvzD@gmail.com,UPDATE,2024-10-09 22:10:02
cAYSebRw@ya.ru,UPDATE,2024-10-09 12:07:04
fwPMcQWOl@gmail.com,DELETE,2024-10-09 10:00:50
OgLEEVCO@gmail.com,UPDATE,2024-10-09 18:11:31
RPtdqaaqzU@mail.ru,CREATE,2024-10-09 08:33:07
RPtdqaaqzU@mail.ru,READ,2024-10-09 04:28:56
eBKqtbRzNtGo@ya.ru,READ,2024-10-09 01:19:00
OgLEEVCO@gmail.com,CREATE,2024-10-09 18:56:37
OgLEEVCO@gmail.com,UPDATE,2024-10-09 13:20:41
eBKqtbRzNtGo@ya.ru,UPDATE,2024-10-09 18:07:20
eBKqtbRzNtGo@ya.ru,READ,2024-10-09 19:50:16
cAYSebRw@ya.ru,DELETE,2024-10-09 17:00:23
qFwYx@ya.ru,DELETE,2024-10-09 22:15:47
uiBbsz@ya.ru,READ,2024-10-09 22:29:59
OQDcdwoPopzX@gmail.com,UPDATE,2024-10-09 17:20:48
qFwYx@ya.ru,UPDATE,2024-10-09 12:33:27
qFwYx@ya.ru,READ,2024-10-09 23:45:24
OQDcdwoPopzX@gmail.com,UPDATE,2024-10-09 18:45:49
cAYSebRw@ya.ru,UPDATE,2024-10-09 11:12:24
uiBbsz@ya.ru,READ,2024-10-09 12:59:59
cAYSebRw@ya.ru,DELETE,2024-10-09 13:33:08
OQDcdwoPopzX@gmail.com,DELETE,2024-10-09 06:18:38
OgLEEVCO@gmail.com,CREATE,2024-10-09 04:58:49
ZQiHeeZQvzD@gmail.com,UPDATE,2024-10-09 12:52:29
eBKqtbRzNtGo@ya.ru,CREATE,2024-10-09 04:04:45
OgLEEVCO@gmail.com,CREATE,2024-10-09 01:09:34
OQDcdwoPopzX@gmail.com,CREATE,2024-10-09 11:26:47
qFwYx@ya.ru,CREATE,2024-10-09 09:10:42
qFwYx@ya.ru,UPDATE,2024-10-09 17:22:38
RPtdqaaqzU@mail.ru,DELETE,2024-10-09 21:28:11
OgLEEVCO@gmail.com,CREATE,2024-10-09 19:10:19
eBKqtbRzNtGo@ya.ru,CREATE,2024-10-09 00:52:24
uiBbsz@ya.ru,UPDATE,2024-10-09 20:01:35
ZQiHeeZQvzD@gmail.com,UPDATE,2024-10-09 09:18:46
lQqsqMcCTR@gmail.com,CREATE,2024-10-09 11:12:32
fwPMcQWOl@gmail.com,CREATE,2024-10-09 20:58:12
uiBbsz@ya.ru,CREATE,2024-10-09 17:24:42
ZQiHeeZQvzD@gmail.com,DELETE,2024-10-09 02:03:02
OgLEEVCO@gmail.com,CREATE,2024-10-09 17:27:11
qFwYx@ya.ru,UPDATE,2024-10-09 21:57:44
lQqsqMcCTR@gmail.com,CREATE,2024-10-09 03:56:45
qFwYx@ya.ru,UPDATE,2024-10-09 22:05:39
cAYSebRw@ya.ru,CREATE,2024-10-09 23:33:14
OgLEEVCO@gmail.com,UPDATE,2024-10-09 05:39:08
RPtdqaaqzU@mail.ru,DELETE,2024-10-09 17:07:57
OQDcdwoPopzX@gmail.com,CREATE,2024-10-09 16:59:51
qFwYx@ya.ru,READ,2024-10-09 14:15:50
qFwYx@ya.ru,CREATE,2024-10-09 02:56:57
lQqsqMcCTR@gmail.com,UPDATE,2024-10-09 10:15:04
eBKqtbRzNtGo@ya.ru,DELETE,2024-10-09 12:54:44
RPtdqaaqzU@mail.ru,DELETE,2024-10-09 00:55:45
lQqsqMcCTR@gmail.com,CREATE,2024-10-09 18:31:07
uiBbsz@ya.ru,DELETE,2024-10-09 20:05:11
OgLEEVCO@gmail.com,UPDATE,2024-10-09 14:18:22
OgLEEVCO@gmail.com,DELETE,2024-10-09 18:19:57
qFwYx@ya.ru,UPDATE,2024-10-09 19:06:57
OQDcdwoPopzX@gmail.com,CREATE,2024-10-09 02:33:29
OgLEEVCO@gmail.com,READ,2024-10-09 12:19:23
uiBbsz@ya.ru,CREATE,2024-10-09 16:56:35
fwPMcQWOl@gmail.com,READ,2024-10-09 01:59:22
cAYSebRw@ya.ru,CREATE,2024-10-09 00:03:31
uiBbsz@ya.ru,UPDATE,2024-10-09 09:50:22
qFwYx@ya.ru,READ,2024-10-09 00:20:14
RPtdqaaqzU@mail.ru,DELETE,2024-10-09 17:02:24
lQqsqMcCTR@gmail.com,UPDATE,2024-10-09 19:14:35
RPtdqaaqzU@mail.ru,READ,2024-10-09 02:38:31
eBKqtbRzNtGo@ya.ru,DELETE,2024-10-09 07:37:24
eBKqtbRzNtGo@ya.ru,DELETE,2024-10-09 13:31:22
qFwYx@ya.ru,CREATE,2024-10-09 16:58:42
lQqsqMcCTR@gmail.com,READ,2024-10-09 23:55:40
cAYSebRw@ya.ru,READ,2024-10-09 13:58:48
eBKqtbRzNtGo@ya.ru,DELETE,2024-10-09 13:10:22
uiBbsz@ya.ru,READ,2024-10-09 00:50:04
RPtdqaaqzU@mail.ru,CREATE,2024-10-09 03:36:14
uiBbsz@ya.ru,UPDATE,2024-10-09 09:44:51
cAYSebRw@ya.ru,CREATE,2024-10-09 07:25:32
OgLEEVCO@gmail.com,UPDATE,2024-10-09 20:39:13
OgLEEVCO@gmail.com,READ,2024-10-09 13:33:20
RPtdqaaqzU@mail.ru,CREATE,2024-10-09 09:24:36
cAYSebRw@ya.ru,READ,2024-10-09 20:37:59
OQDcdwoPopzX@gmail.com,DELETE,2024-10-09 22:22:36
eBKqtbRzNtGo@ya.ru,CREATE,2024-10-09 17:48:45
fwPMcQWOl@gmail.com,UPDATE,2024-10-09 17:41:12
lQqsqMcCTR@gmail.com,READ,2024-10-09 14:37:52
OQDcdwoPopzX@gmail.com,UPDATE,2024-10-09 16:50:25
OgLEEVCO@gmail.com,DELETE,2024-10-09 16:53:36
lQqsqMcCTR@gmail.com,CREATE,2024-10-09 03:20:45
uiBbsz@ya.ru,READ,2024-10-09 18:50:04
cAYSebRw@ya.ru,READ,2024-10-09 15:09:45
uiBbsz@ya.ru,UPDATE,2024-10-09 09:05:41
OgLEEVCO@gmail.com,READ,2024-10-09 13:41:27
OgLEEVCO@gmail.com,DELETE,2024-10-09 06:44:50
eBKqtbRzNtGo@ya.ru,UPDATE,2024-10-09 21:57:13
fwPMcQWOl@gmail.com,CREATE,2024-10-09 01:03:37
ZQiHeeZQvzD@gmail.com,CREATE,2024-10-09 02:27:39
RPtdqaaqzU@mail.ru,CREATE,2024-10-09 19:35:28
eBKqtbRzNtGo@ya.ru,UPDATE,2024-10-09 12:56:53
eBKqtbRzNtGo@ya.ru,CREATE,2024-10-09 07:31:59
uiBbsz@ya.ru,CREATE,2024-10-09 20:54:22
lQqsqMcCTR@gmail.com,READ,2024-10-09 12:13:08
fwPMcQWOl@gmail.com,DELETE,2024-10-09 21:05:09
OQDcdwoPopzX@gmail.com,UPDATE,2024-10-09 12:31:14
fwPMcQWOl@gmail.com,CREATE,2024-10-09 12:01:13
ZQiHeeZQvzD@gmail.com,READ,2024-10-09 22:21:25
qFwYx@ya.ru,CREATE,2024-10-09 22:06:56
eBKqtbRzNtGo@ya.ru,DELETE,2024-10-09 02:55:09
cAYSebRw@ya.ru,CREATE,2024-10-09 08:39:37
OgLEEVCO@gmail.com,UPDATE,2024-10-09 19:14:56
fwPMcQWOl@gmail.com,DELETE,2024-10-09 07:25:56
RPtdqaaqzU@mail.ru,UPDATE,2024-10-09 11:58:58
lQqsqMcCTR@gmail.com,DELETE,2024-10-09 22:45:37
uiBbsz@ya.ru,DELETE,2024-10-09 22:38:11
cAYSebRw@ya.ru,DELETE,2024-10-09 03:38:45
fwPMcQWOl@gmail.com,READ,2024-10-09 05:38:56
lQqsqMcCTR@gmail.com,DELETE,2024-10-09 17:54:38
fwPMcQWOl@gmail.com,CREATE,2024-10-09 10:48:19
qFwYx@ya.ru,READ,2024-10-09 18:49:49
fwPMcQWOl@gmail.com,UPDATE,2024-10-09 14:38:23
RPtdqaaqzU@mail.ru,READ,2024-10-09 09:51:51
uiBbsz@ya.ru,UPDATE,2024-10-09 09:31:39
OQDcdwoPopzX@gmail.com,UPDATE,2024-10-09 21:31:45
uiBbsz@ya.ru,CREATE,2024-10-09 22:57:29
eBKqtbRzNtGo@ya.ru,READ,2024-10-09 23:37:57
RPtdqaaqzU@mail.ru,UPDATE,2024-10-09 18:45:57
fwPMcQWOl@gmail.com,READ,2024-10-09 19:22:59
qFwYx@ya.ru,READ,2024-10-09 18:48:04
uiBbsz@ya.ru,CREATE,2024-10-09 15:42:41
qFwYx@ya.ru,UPDATE,2024-10-09 18:46:20
ZQiHeeZQvzD@gmail.com,DELETE,2024-10-09 06:55:27
uiBbsz@ya.ru,UPDATE,2024-10-09 00:23:01
cAYSebRw@ya.ru,UPDATE,2024-10-09 15:48:09
OQDcdwoPopzX@gmail.com,DELETE,2024-10-09 07:53:39
RPtdqaaqzU@mail.ru,DELETE,2024-10-09 09:24:00
cAYSebRw@ya.ru,CREATE,2024-10-09 10:44:39
OgLEEVCO@gmail.com,CREATE,2024-10-09 01:23:18
qFwYx@ya.ru,UPDATE,2024-10-09 00:51:51
OQDcdwoPopzX@gmail.com,READ,2024-10-09 21:49:07
uiBbsz@ya.ru,CREATE,2024-10-09 06:59:53
ZQiHeeZQvzD@gmail.com,READ,2024-10-09 18:33:09
lQqsqMcCTR@gmail.com,UPDATE,2024-10-09 08:48:15
lQqsqMcCTR@gmail.com,DELETE,2024-10-09 03:40:39
OQDcdwoPopzX@gmail.com,DELETE,2024-10-09 18:59:00
qFwYx@ya.ru,DELETE,2024-10-09 23:07:04
lQqsqMcCTR@gmail.com,DELETE,2024-10-09 14:57:05
ZQiHeeZQvzD@gmail.com,DELETE,2024-10-09 22:17:02
cAYSebRw@ya.ru,READ,2024-10-09 02:42:05
eBKqtbRzNtGo@ya.ru,READ,2024-10-09 08:14:35
fwPMcQWOl@gmail.com,DELETE,2024-10-09 14:27:56
OQDcdwoPopzX@gmail.com,READ,2024-10-09 01:26:49
eBKqtbRzNtGo@ya.ru,READ,2024-10-09 05:02:21
fwPMcQWOl@gmail.com,CREATE,2024-10-09 09:28:16
RPtdqaaqzU@mail.ru,UPDATE,2024-10-09 21:54:11
lQqsqMcCTR@gmail.com,DELETE,2024-10-09 13:19:42
RPtdqaaqzU@mail.ru,DELETE,2024-10-09 02:01:53
ZQiHeeZQvzD@gmail.com,DELETE,2024-10-09 19:03:50
fwPMcQWOl@gmail.com,CREATE,2024-10-09 22:35:17
uiBbsz@ya.ru,DELETE,2024-10-09 18:20:20
uiBbsz@ya.ru,CREATE,2024-10-09 08:32:10
OQDcdwoPopzX@gmail.com,DELETE,2024-10-09 16:32:42
uiBbsz@ya.ru,CREATE,2024-10-09 19:04:40
lQqsqMcCTR@gmail.com,DELETE,2024-10-09 18:25:02
qFwYx@ya.ru,UPDATE,2024-10-09 19:37:26
RPtdqaaqzU@mail.ru,DELETE,2024-10-09 05:45:13
fwPMcQWOl@gmail.com,DELETE,2024-10-09 20:16:09
uiBbsz@ya.ru,DELETE,2024-10-09 23:23:03
RPtdqaaqzU@mail.ru,DELETE,2024-10-09 12:06:31
ZQiHeeZQvzD@gmail.com,UPDATE,2024-10-09 04:42:48
ZQiHeeZQvzD@gmail.com,UPDATE,2024-10-09 13:05:43
cAYSebRw@ya.ru,DELETE,2024-10-09 17:08:05
uiBbsz@ya.ru,DELETE,2024-10-09 20:52:38
qFwYx@ya.ru,UPDATE,2024-10-09 22:51:20
OQDcdwoPopzX@gmail.com,DELETE,2024-10-09 07:03:25
qFwYx@ya.ru,READ,2024-10-09 18:59:02
ZQiHeeZQvzD@gmail.com,CREATE,2024-10-09 08:33:34
eBKqtbRzNtGo@ya.ru,CREATE,2024-10-09 22:50:07
fwPMcQWOl@gmail.com,CREATE,2024-10-09 03:21:35
OQDcdwoPopzX@gmail.com,READ,2024-10-09 11:42:37
lQqsqMcCTR@gmail.com,DELETE,2024-10-09 16:46:21
fwPMcQWOl@gmail.com,READ,2024-10-09 08:23:34
qFwYx@ya.ru,READ,2024-10-09 19:27:32
RPtdqaaqzU@mail.ru,UPDATE,2024-10-09 00:18:13
ZQiHeeZQvzD@gmail.com,UPDATE,2024-10-09 00:33:23
eBKqtbRzNtGo@ya.ru,UPDATE,2024-10-09 06:39:05
lQqsqMcCTR@gmail.com,DELETE,2024-10-09 23:17:21
fwPMcQWOl@gmail.com,CREATE,2024-10-09 02:23:50
cAYSebRw@ya.ru,UPDATE,2024-10-09 11:14:24
OgLEEVCO@gmail.com,CREATE,2024-10-09 00:56:11
cAYSebRw@ya.ru,READ,2024-10-09 06:33:12
OgLEEVCO@gmail.com,UPDATE,2024-10-09 13:42:25
uiBbsz@ya.ru,UPDATE,2024-10-09 18:44:23
uiBbsz@ya.ru,DELETE,2024-10-09 07:40:39
RPtdqaaqzU@mail.ru,READ,2024-10-09 23:17:44
cAYSebRw@ya.ru,UPDATE,2024-10-09 17:56:14
ZQiHeeZQvzD@gmail.com,UPDATE,2024-10-09 13:45:22
OgLEEVCO@gmail.com,CREATE,2024-10-09 08:59:26
lQqsqMcCTR@gmail.com,DELETE,2024-10-09 16:16:26
ZQiHeeZQvzD@gmail.com,DELETE,2024-10-09 17:19:39
ZQiHeeZQvzD@gmail.com,READ,2024-10-09 04:32:00
qFwYx@ya.ru,UPDATE,2024-10-09 10:04:02
RPtdqaaqzU@mail.ru,DELETE,2024-10-09 14:57:46
OgLEEVCO@gmail.com,DELETE,2024-10-09 02:16:55
uiBbsz@ya.ru,CREATE,2024-10-09 14:25:27
fwPMcQWOl@gmail.com,DELETE,2024-10-09 12:28:01
RPtdqaaqzU@mail.ru,CREATE,2024-10-09 03:40:39
lQqsqMcCTR@gmail.com,UPDATE,2024-10-09 21:10:23
OQDcdwoPopzX@gmail.com,CREATE,2024-10-09 14:28:21
lQqsqMcCTR@gmail.com,READ,2024-10-09 09:44:51
lQqsqMcCTR@gmail.com,DELETE,2024-10-09 13:56:00
fwPMcQWOl@gmail.com,DELETE,2024-10-09 22:39:04
cAYSebRw@ya.ru,DELETE,2024-10-09 00:05:23
OgLEEVCO@gmail.com,READ,2024-10-09 14:08:17
ZQiHeeZQvzD@gmail.com,CREATE,2024-10-09 20:23:40
RPtdqaaqzU@mail.ru,CREATE,2024-10-09 20:06:24
lQqsqMcCTR@gmail.com,READ,2024-10-09 14:57:14
cAYSebRw@ya.ru,UPDATE,2024-10-09 05:39:09
OQDcdwoPopzX@gmail.com,CREATE,2024-10-09 20:26:18
OgLEEVCO@gmail.com,READ,2024-10-09 19:05:48
cAYSebRw@ya.ru,READ,2024-10-09 17:11:05
eBKqtbRzNtGo@ya.ru,READ,2024-10-09 09:35:00
fwPMcQWOl@gmail.com,DELETE,2024-10-09 13:42:29
fwPMcQWOl@gmail.com,UPDATE,2024-10-09 07:35:33
cAYSebRw@ya.ru,UPDATE,2024-10-09 23:59:51
ZQiHeeZQvzD@gmail.com,CREATE,2024-10-09 04:00:54
cAYSebRw@ya.ru,UPDATE,2024-10-09 02:12:00
fwPMcQWOl@gmail.com,CREATE,2024-10-09 08:17:46
OgLEEVCO@gmail.com,UPDATE,2024-10-09 11:19:16
qFwYx@ya.ru,DELETE,2024-10-09 21:28:25
qFwYx@ya.ru,DELETE,2024-10-09 11:58:23
fwPMcQWOl@gmail.com,UPDATE,2024-10-09 23:56:38
fwPMcQWOl@gmail.com,CREATE,2024-10-09 18:38:29
qFwYx@ya.ru,UPDATE,2024-10-09 21:17:53
RPtdqaaqzU@mail.ru,UPDATE,2024-10-09 15:25:06
fwPMcQWOl@gmail.com,CREATE,2024-10-09 15:44:12
qFwYx@ya.ru,CREATE,2024-10-09 06:48:12
ZQiHeeZQvzD@gmail.com,CREATE,2024-10-09 10:26:01
qFwYx@ya.ru,READ,2024-10-09 10:29:21
OQDcdwoPopzX@gmail.com,READ,2024-10-09 20:21:56
eBKqtbRzNtGo@ya.ru,CREATE,2024-10-09 10:38:33
cAYSebRw@ya.ru,READ,2024-10-09 07:54:52
uiBbsz@ya.ru,UPDATE,2024-10-09 15:18:28
OgLEEVCO@gmail.com,UPDATE,2024-10-09 01:15:53
fwPMcQWOl@gmail.com,CREATE,2024-10-09 05:25:12
uiBbsz@ya.ru,UPDATE,2024-10-09 21:33:59
eBKqtbRzNtGo@ya.ru,READ,2024-10-09 05:30:47
OgLEEVCO@gmail.com,DELETE,2024-10-09 06:42:32
qFwYx@ya.ru,DELETE,2024-10-09 23:31:49
cAYSebRw@ya.ru,READ,2024-10-09 17:10:51
eBKqtbRzNtGo@ya.ru,DELETE,2024-10-09 09:52:35
ZQiHeeZQvzD@gmail.com,UPDATE,2024-10-09 15:15:34
eBKqtbRzNtGo@ya.ru,UPDATE,2024-10-09 14:46:02
OQDcdwoPopzX@gmail.com,CREATE,2024-10-09 06:37:53
OgLEEVCO@gmail.com,CREATE,2024-10-09 12:53:59